Sem. Cat.,EN,NT,Audio,Speaker,Source,Ques. / Notes,Sub Sem. Cat.,original spelling,Entry #,Page #,CR,see,Literal Meaning,Speaker 1,Speaker 2
birds,bird (any) ,chųą,,,Tommy McGinty and Johnson Edwards (Selkirk Indian Language Noun Dictionary 1977),,bird body parts,,1,36,,,,Tommy McGinty,Johnson Edwards
birds,bird egg,chųą ghróʼ,,,Tommy McGinty and Johnson Edwards (Selkirk Indian Language Noun Dictionary 1977),,bird body parts,,2,36,,,,Tommy McGinty,Johnson Edwards
birds,bird feather,chųą tróʼ,,,Tommy McGinty and Johnson Edwards (Selkirk Indian Language Noun Dictionary 1977),,bird body parts,,3,36,,,,Tommy McGinty,Johnson Edwards
birds,bird nest,chųą tʼo,,,Tommy McGinty and Johnson Edwards (Selkirk Indian Language Noun Dictionary 1977),,bird body parts,,4,36,,,,Tommy McGinty,Johnson Edwards
birds,bird wing ,chųą tʼéʼ,,,Tommy McGinty and Johnson Edwards (Selkirk Indian Language Noun Dictionary 1977),,bird body parts,,5,36,,,,Tommy McGinty,Johnson Edwards
birds,blackbird,tetlʼrua,,,Tommy McGinty and Johnson Edwards (Selkirk Indian Language Noun Dictionary 1977),,,,6,36,,,,Tommy McGinty,Johnson Edwards
birds,bluebird,chųą denintlʼrun,,,Tommy McGinty and Johnson Edwards (Selkirk Indian Language Noun Dictionary 1977),,,,7,36,,,,Tommy McGinty,Johnson Edwards
birds,camp robber (canada jay),tsʼónkʼe,,,Tommy McGinty and Johnson Edwards (Selkirk Indian Language Noun Dictionary 1977),,,,8,36,,,,Tommy McGinty,Johnson Edwards
birds,crane,dya,,,Tommy McGinty and Johnson Edwards (Selkirk Indian Language Noun Dictionary 1977),,,,9,36,,,,Tommy McGinty,Johnson Edwards
birds,duck (any) ,tyät,,,Tommy McGinty and Johnson Edwards (Selkirk Indian Language Noun Dictionary 1977),,duck ,tyat,10,36,CR1,,,Tommy McGinty,Johnson Edwards
birds,duck (any) ,chät,,,Tommy McGinty and Johnson Edwards (Selkirk Indian Language Noun Dictionary 1977),,duck ,chat,11,36,CR1,,,Tommy McGinty,Johnson Edwards
birds,canvasback,ndaak ttho,,,Tommy McGinty and Johnson Edwards (Selkirk Indian Language Noun Dictionary 1977),,duck ,,12,36,,,,Tommy McGinty,Johnson Edwards
birds,gadwall,tlin tsén sro,,,Tommy McGinty and Johnson Edwards (Selkirk Indian Language Noun Dictionary 1977),,duck ,,13,36,,,,Tommy McGinty,Johnson Edwards
birds,goldeneye,tthékʼíʼ,,,Tommy McGinty and Johnson Edwards (Selkirk Indian Language Noun Dictionary 1977),,duck ,,14,36,,,,Tommy McGinty,Johnson Edwards
birds,grebe (eared),dát utthíʼ dettho,,,Tommy McGinty and Johnson Edwards (Selkirk Indian Language Noun Dictionary 1977),,duck ,,15,36,,see1,,Tommy McGinty,Johnson Edwards
birds,grebe (horned),dát zra,,,Tommy McGinty and Johnson Edwards (Selkirk Indian Language Noun Dictionary 1977),,duck ,,16,36,,see1,,Tommy McGinty,Johnson Edwards
birds,grebe (red-neck),dát cho,,,Tommy McGinty and Johnson Edwards (Selkirk Indian Language Noun Dictionary 1977),,duck ,,17,36,,see1,,Tommy McGinty,Johnson Edwards
birds,harlequin,tagéa hutyát,,,Tommy McGinty and Johnson Edwards (Selkirk Indian Language Noun Dictionary 1977),,duck ,,18,36,,,,Tommy McGinty,Johnson Edwards
birds,mallard,nátʼak,,,Tommy McGinty and Johnson Edwards (Selkirk Indian Language Noun Dictionary 1977),,duck ,,19,36,,,,Tommy McGinty,Johnson Edwards
birds,merganser,łyok tyát,,,Tommy McGinty and Johnson Edwards (Selkirk Indian Language Noun Dictionary 1977),,duck ,,20,36,,,,Tommy McGinty,Johnson Edwards
birds,long-tailed duck,ahʼaléʼ,,,Tommy McGinty and Johnson Edwards (Selkirk Indian Language Noun Dictionary 1977),,duck ,,21,36,,,,Tommy McGinty,Johnson Edwards
birds,pintail,dzendyóʼ,,,Tommy McGinty and Johnson Edwards (Selkirk Indian Language Noun Dictionary 1977),,duck ,,22,36,,,,Tommy McGinty,Johnson Edwards
birds,scaup,łyat tthíʼ denintlʼrun,,,Tommy McGinty and Johnson Edwards (Selkirk Indian Language Noun Dictionary 1977),"why not ""u-"" before head?",duck ,,23,36,,,,Tommy McGinty,Johnson Edwards
birds,scoter (common),łyat denétʼro,,,Tommy McGinty and Johnson Edwards (Selkirk Indian Language Noun Dictionary 1977),,duck ,,24,37,,see2,,Tommy McGinty,Johnson Edwards
birds,scoter (surf),tthetsáánʼ áwʼ,,,Tommy McGinty and Johnson Edwards (Selkirk Indian Language Noun Dictionary 1977),,duck ,,25,37,,see2,,Tommy McGinty,Johnson Edwards
birds,scoter (white-wing),ndáwʼ,,,Tommy McGinty and Johnson Edwards (Selkirk Indian Language Noun Dictionary 1977),,duck ,,26,37,,see2,,Tommy McGinty,Johnson Edwards
birds,shoveler,dałak,,,Tommy McGinty and Johnson Edwards (Selkirk Indian Language Noun Dictionary 1977),,duck ,,27,37,,,,Tommy McGinty,Johnson Edwards
birds,teal ,łyat jaada,,,Tommy McGinty and Johnson Edwards (Selkirk Indian Language Noun Dictionary 1977),,duck ,,28,37,,,,Tommy McGinty,Johnson Edwards
birds,widgeon,shashin,,,Tommy McGinty and Johnson Edwards (Selkirk Indian Language Noun Dictionary 1977),,duck ,,29,37,,,,Tommy McGinty,Johnson Edwards
birds,eagle (bald),ge saya,,,Tommy McGinty and Johnson Edwards (Selkirk Indian Language Noun Dictionary 1977),,eagle,,30,37,CR2,,,Tommy McGinty,Johnson Edwards
birds,eagle (bald),túnde,,,Tommy McGinty and Johnson Edwards (Selkirk Indian Language Noun Dictionary 1977),maybe general term for eagle,eagle,,31,37,CR2,,,Tommy McGinty,Johnson Edwards
birds,eagle (golden),thäk,,,Tommy McGinty and Johnson Edwards (Selkirk Indian Language Noun Dictionary 1977),,eagle,thak,32,37,,,,Tommy McGinty,Johnson Edwards
birds,flycatcher,chųą dettho,,,Tommy McGinty and Johnson Edwards (Selkirk Indian Language Noun Dictionary 1977),,,,33,37,,,,Tommy McGinty,Johnson Edwards
birds,goldfinch (?),dzųą ttho zra,,,Tommy McGinty and Johnson Edwards (Selkirk Indian Language Noun Dictionary 1977),,,,34,37,,,,Tommy McGinty,Johnson Edwards
birds,goose (any?),khe,,,Tommy McGinty and Johnson Edwards (Selkirk Indian Language Noun Dictionary 1977),,goose,,35,37,,,,Tommy McGinty,Johnson Edwards
birds,goose (snow),khe gay,,,Tommy McGinty and Johnson Edwards (Selkirk Indian Language Noun Dictionary 1977),,goose,,36,37,,,,Tommy McGinty,Johnson Edwards
birds,goose (white-fronted),tádhák,,,Tommy McGinty and Johnson Edwards (Selkirk Indian Language Noun Dictionary 1977),,goose,tádhák,37,37,,,,Tommy McGinty,Johnson Edwards
birds,grouse (blue),di cho ,,,Tommy McGinty and Johnson Edwards (Selkirk Indian Language Noun Dictionary 1977),,grouse,di cho ,38,37,,,,Tommy McGinty,Johnson Edwards
birds,grouse (any),ji,,,,,grouse,,NEW,,,,,,
birds,grouse (ruffer),intráʼ,,,Tommy McGinty and Johnson Edwards (Selkirk Indian Language Noun Dictionary 1977),,grouse,,39,37,CR3,,,Tommy McGinty,Johnson Edwards
birds,grouse (ruffer),inták,,,Tommy McGinty and Johnson Edwards (Selkirk Indian Language Noun Dictionary 1977),,grouse,,41,37,CR3,,,Tommy McGinty,Johnson Edwards
birds,grouse (spruce),di,,,Tommy McGinty and Johnson Edwards (Selkirk Indian Language Noun Dictionary 1977),,grouse,,42,37,CR4,,,Tommy McGinty,Johnson Edwards
birds,grouse (spruce),dan dí,,,Tommy McGinty and Johnson Edwards (Selkirk Indian Language Noun Dictionary 1977),,grouse,,43,37,CR4,,,Tommy McGinty,Johnson Edwards
birds,grouse (willow) ,intthʼúnʼ,,,Tommy McGinty and Johnson Edwards (Selkirk Indian Language Noun Dictionary 1977),,grouse,,44,37,,,,Tommy McGinty,Johnson Edwards
birds,gull (any?),méhkʼę́ʼ,,,Tommy McGinty and Johnson Edwards (Selkirk Indian Language Noun Dictionary 1977),,gull,méhkʼénʼ,45,37,CR5,,,Tommy McGinty,Johnson Edwards
birds,gull (any?),mékʼę́ʼ,,,Tommy McGinty and Johnson Edwards (Selkirk Indian Language Noun Dictionary 1977),,gull,mékʼénʼ,46,37,CR5,,,Tommy McGinty,Johnson Edwards
birds,gull (Bonaparteʼs),méhkʼę́ʼ utthíʼ denétʼro,,,Tommy McGinty and Johnson Edwards (Selkirk Indian Language Noun Dictionary 1977),,gull,méhkʼénʼ utthíʼ denétʼro,47,37,,,,Tommy McGinty,Johnson Edwards
birds,hawk,únzi,,,Tommy McGinty and Johnson Edwards (Selkirk Indian Language Noun Dictionary 1977),,,,48,37,,,,Tommy McGinty,Johnson Edwards
birds,kingfisher,téchʼáwʼ,,,Tommy McGinty and Johnson Edwards (Selkirk Indian Language Noun Dictionary 1977),,,,49,37,,,,Tommy McGinty,Johnson Edwards
birds,loon (Arctic) ,tthʼémbíʼ,,,Tommy McGinty and Johnson Edwards (Selkirk Indian Language Noun Dictionary 1977),,loon,,50,37,,,,Tommy McGinty,Johnson Edwards
birds,loon (common),tútse,,,Tommy McGinty and Johnson Edwards (Selkirk Indian Language Noun Dictionary 1977),,loon,tútsay,51,37,,,,Tommy McGinty,Johnson Edwards
birds,loon (red-neck),tuchʼaat,,,Tommy McGinty and Johnson Edwards (Selkirk Indian Language Noun Dictionary 1977),,loon,,52,38,,,,Tommy McGinty,Johnson Edwards
birds,magpie,tsʼónkʼe ząy,,,Tommy McGinty and Johnson Edwards (Selkirk Indian Language Noun Dictionary 1977),,,tsʼónkʼe zayn,53,38,,,,Tommy McGinty,Johnson Edwards
birds,osprey,tʼo tsʼyáʼ,,,Tommy McGinty and Johnson Edwards (Selkirk Indian Language Noun Dictionary 1977),,,,54,38,,,,Tommy McGinty,Johnson Edwards
birds,owl (great grey),etthédzaat,,,Tommy McGinty and Johnson Edwards (Selkirk Indian Language Noun Dictionary 1977),,owl,,55,38,CR6,,,Tommy McGinty,Johnson Edwards
birds,owl (great grey),etthélíʼ,,,Tommy McGinty and Johnson Edwards (Selkirk Indian Language Noun Dictionary 1977),,owl,,56,38,CR6,,,Tommy McGinty,Johnson Edwards
birds,owl (great horned),méddhįn,,,Tommy McGinty and Johnson Edwards (Selkirk Indian Language Noun Dictionary 1977),,owl,méddhin,57,38,,,,Tommy McGinty,Johnson Edwards
birds,owl (small grey),nédéʼ tsʼéʼyaana,,,Tommy McGinty and Johnson Edwards (Selkirk Indian Language Noun Dictionary 1977),,owl,,58,38,,,,Tommy McGinty,Johnson Edwards
birds,owl (snowy),nédéʼ,,,Tommy McGinty and Johnson Edwards (Selkirk Indian Language Noun Dictionary 1977),,owl,,59,38,CR7,,,Tommy McGinty,Johnson Edwards
birds,owl (snowy),náhdéʼ,,,Tommy McGinty and Johnson Edwards (Selkirk Indian Language Noun Dictionary 1977),,owl,náhdéʼ,60,38,CR7,,,Tommy McGinty,Johnson Edwards
birds,phalarope,degay undáya,,,Tommy McGinty and Johnson Edwards (Selkirk Indian Language Noun Dictionary 1977),,,,61,38,CR8,,,Tommy McGinty,Johnson Edwards
birds,phalarope,tagok ndoa,,,Tommy McGinty and Johnson Edwards (Selkirk Indian Language Noun Dictionary 1977),,,tagok ndoa,62,38,CR8,,,Tommy McGinty,Johnson Edwards
birds,pine grosbeak ,tthetʼo dzyawa,,,Tommy McGinty and Johnson Edwards (Selkirk Indian Language Noun Dictionary 1977),,,,63,38,,,,Tommy McGinty,Johnson Edwards
birds,ptarmigan,kʼembe,,,Tommy McGinty and Johnson Edwards (Selkirk Indian Language Noun Dictionary 1977),,,kʼambe,64,38,,,,Tommy McGinty,Johnson Edwards
birds,raven,tsʼekʼi,,,Tommy McGinty and Johnson Edwards (Selkirk Indian Language Noun Dictionary 1977),,,,65,38,,,,Tommy McGinty,Johnson Edwards
birds,redpoll,damba,,,Tommy McGinty and Johnson Edwards (Selkirk Indian Language Noun Dictionary 1977),,,,66,38,,,,Tommy McGinty,Johnson Edwards
birds,robin,tútsi,,,Tommy McGinty and Johnson Edwards (Selkirk Indian Language Noun Dictionary 1977),,,,67,38,,,,Tommy McGinty,Johnson Edwards
birds,sandpiper,tadrua,,,Tommy McGinty and Johnson Edwards (Selkirk Indian Language Noun Dictionary 1977),,,,68,38,,,,Tommy McGinty,Johnson Edwards
birds,shrike,dzechʼun,,,Tommy McGinty and Johnson Edwards (Selkirk Indian Language Noun Dictionary 1977),,,,69,38,CR9,,,Tommy McGinty,Johnson Edwards
birds,shrike,dzéhchʼun,,,Tommy McGinty and Johnson Edwards (Selkirk Indian Language Noun Dictionary 1977),,,,70,38,CR9,,,Tommy McGinty,Johnson Edwards
birds,snipe (?),tachʼaat,,,Tommy McGinty and Johnson Edwards (Selkirk Indian Language Noun Dictionary 1977),,,,71,38,,,,Tommy McGinty,Johnson Edwards
birds,sparrow,gųn chųą,,,Tommy McGinty and Johnson Edwards (Selkirk Indian Language Noun Dictionary 1977),,,gun chuan,72,38,,,,Tommy McGinty,Johnson Edwards
birds,Stellarʼs jay,tetʼoka,,,Tommy McGinty and Johnson Edwards (Selkirk Indian Language Noun Dictionary 1977),,,,73,38,,,,Tommy McGinty,Johnson Edwards
birds,swallow (barn),tthaw ninzyaana,,,Tommy McGinty and Johnson Edwards (Selkirk Indian Language Noun Dictionary 1977),,,tthaw ninzyaana,74,38,,,,Tommy McGinty,Johnson Edwards
birds,swallow (cliff),tetlok zyawa,,,Tommy McGinty and Johnson Edwards (Selkirk Indian Language Noun Dictionary 1977),,,,75,38,,,,Tommy McGinty,Johnson Edwards
birds,swan,tagok,,,Tommy McGinty and Johnson Edwards (Selkirk Indian Language Noun Dictionary 1977),,,,#REF!,38,CR10,,,Tommy McGinty,Johnson Edwards
birds,warbler,chųą detthoa,,,Tommy McGinty and Johnson Edwards (Selkirk Indian Language Noun Dictionary 1977),,,chuan detthoa,77,39,,,bird yellow,Tommy McGinty,Johnson Edwards
birds,winter birds ,tsʼágaan,,,Tommy McGinty and Johnson Edwards (Selkirk Indian Language Noun Dictionary 1977),,,,78,39,CR11,,,Tommy McGinty,Johnson Edwards
birds,winter birds ,hukʼa dlína,,,Tommy McGinty and Johnson Edwards (Selkirk Indian Language Noun Dictionary 1977),,,,79,39,CR11,,,Tommy McGinty,Johnson Edwards
birds,woodcock (?),yadhok,,,Tommy McGinty and Johnson Edwards (Selkirk Indian Language Noun Dictionary 1977),,,,80,39,,,,Tommy McGinty,Johnson Edwards
birds,woodpecker,tso esháwa,,,Tommy McGinty and Johnson Edwards (Selkirk Indian Language Noun Dictionary 1977),,,,81,39,,,,Tommy McGinty,Johnson Edwards
birds,woodpecker (3-toe),etsána,,,Tommy McGinty and Johnson Edwards (Selkirk Indian Language Noun Dictionary 1977),,,,82,39,,,,Tommy McGinty,Johnson Edwards
body parts,personʼs body ,dän nezhan,,,Tommy McGinty and Johnson Edwards (Selkirk Indian Language Noun Dictionary 1977),"is body ""nezhan"" or ""zhan""",,inlyát,#REF!,40,CR12,,,Tommy McGinty,Johnson Edwards
body parts,personʼs body ,dän nehtínʼ,,,Tommy McGinty and Johnson Edwards (Selkirk Indian Language Noun Dictionary 1977),,,dzak damba,84,40,CR12,,,Tommy McGinty,Johnson Edwards
body parts,left side (of someoneʼs body),tlʼo tsʼan,,,Tommy McGinty and Johnson Edwards (Selkirk Indian Language Noun Dictionary 1977),clarify with speaker if it just relates to the body?,,dan nezhan,85,40,,,,Tommy McGinty,Johnson Edwards
body parts,right side (of someoneʼs body),sók tsʼan,,,Tommy McGinty and Johnson Edwards (Selkirk Indian Language Noun Dictionary 1977),,,dan nehtínʼ,86,40,,,,Tommy McGinty,Johnson Edwards
body parts,anus,-ttháwʼ,,,Tommy McGinty and Johnson Edwards (Selkirk Indian Language Noun Dictionary 1977),,torso,tlʼo tsʼan,87,40,,,,Tommy McGinty,Johnson Edwards
body parts,arm ,-gą́ą́ʼ,,,Tommy McGinty and Johnson Edwards (Selkirk Indian Language Noun Dictionary 1977),,arm,sók tsʼan,88,40,,,,Tommy McGinty,Johnson Edwards
body parts,armpit,-gą́ą́ʼ tlʼyáák,,,Tommy McGinty and Johnson Edwards (Selkirk Indian Language Noun Dictionary 1977),,arm,uttháwʼ,89,40,,,,Tommy McGinty,Johnson Edwards
body parts,back ,-tʼa,,,Tommy McGinty and Johnson Edwards (Selkirk Indian Language Noun Dictionary 1977),,torso,ugáánʼ,90,40,CR13,,,Tommy McGinty,Johnson Edwards
body parts,back ,-natʼaak,,,Tommy McGinty and Johnson Edwards (Selkirk Indian Language Noun Dictionary 1977),,torso,ugáán tlʼyáák,91,40,CR13,,,Tommy McGinty,Johnson Edwards
body parts,back,-chä́nʼ,,,,,,utʼa,new ,,,,,,
body parts,backbone / spine,-chä́nʼ tthánʼ,,,Tommy McGinty and Johnson Edwards (Selkirk Indian Language Noun Dictionary 1977),,torso,unatʼaak,92,40,,,,Tommy McGinty,Johnson Edwards
body parts,belly,-mbä́t,,,Tommy McGinty and Johnson Edwards (Selkirk Indian Language Noun Dictionary 1977),,torso,uchánʼ,94,40,,,,Tommy McGinty,Johnson Edwards
body parts,biceps,-dezrun,,,Tommy McGinty and Johnson Edwards (Selkirk Indian Language Noun Dictionary 1977),"-in original dictionary same word as ""person's breath""",arm,umbát,95,40,CR14,,,Tommy McGinty,Johnson Edwards
body parts,biceps,-tsántthíʼ,,,Tommy McGinty and Johnson Edwards (Selkirk Indian Language Noun Dictionary 1977),,arm,udezrun,96,40,CR14,,,Tommy McGinty,Johnson Edwards
body parts,bone ,-tthánʼ,,,Tommy McGinty and Johnson Edwards (Selkirk Indian Language Noun Dictionary 1977),,,utsántthíʼ,97,40,,,,Tommy McGinty,Johnson Edwards
body parts,brains,-tthíyę́ʼ,,,Tommy McGinty and Johnson Edwards (Selkirk Indian Language Noun Dictionary 1977),,head,utthʼánʼ,98,40,,,,Tommy McGinty,Johnson Edwards
body parts,breast,-chʼók,,,Tommy McGinty and Johnson Edwards (Selkirk Indian Language Noun Dictionary 1977),has to be possessed by woman?,torso,utthéyénʼ,99,40,,,,Tommy McGinty,Johnson Edwards
body parts,nipple,-chʼók tthíʼ,,,Tommy McGinty and Johnson Edwards (Selkirk Indian Language Noun Dictionary 1977),has to be possessed by woman?,torso,utʼók,100,40,CR15,,,Tommy McGinty,Johnson Edwards
body parts,nipple,-máʼ tthíʼ,,,Tommy McGinty and Johnson Edwards (Selkirk Indian Language Noun Dictionary 1977),relates to motherʼs milk?,torso,utʼók tthíʼ,101,40,CR15,,,Tommy McGinty,Johnson Edwards
body parts,breastbone,-chʼók tthánʼ,,,Mary Alfred,,torso,umáʼ tthíʼ,new ,,,,,Mary Alfred,
body parts,breastbone,-yuntthánʼ,,,Tommy McGinty and Johnson Edwards (Selkirk Indian Language Noun Dictionary 1977),,torso,uyuntthʼán,102,40,CR16,,,Tommy McGinty,Johnson Edwards
body parts,breastbone,-zhuntthánʼ,,,Tommy McGinty and Johnson Edwards (Selkirk Indian Language Noun Dictionary 1977),,torso,uzhuntthʼánʼ,104,40,CR16,,,Tommy McGinty,Johnson Edwards
body parts,calf muscle,-tsʼóʼ,,,Tommy McGinty and Johnson Edwards (Selkirk Indian Language Noun Dictionary 1977),,leg,utsʼóʼ,105,40,,,,Tommy McGinty,Johnson Edwards
body parts,cheeks,-métthánʼ,,,Tommy McGinty and Johnson Edwards (Selkirk Indian Language Noun Dictionary 1977),,head,umétthánʼ,106,40,CR17,,,Tommy McGinty,Johnson Edwards
body parts,cheeks,-ninmbóʼ,,,Tommy McGinty and Johnson Edwards (Selkirk Indian Language Noun Dictionary 1977),,head,uninmbóʼ,107,40,CR17,,,Tommy McGinty,Johnson Edwards
body parts,chest,-dzechínʼ,,,Tommy McGinty and Johnson Edwards (Selkirk Indian Language Noun Dictionary 1977),,torso,udzechínʼ,108,40,,,,Tommy McGinty,Johnson Edwards
body parts,chest,-dzedhyaw,,,Mary Alfred,,torso,uyédéʼ,new,,,,,Mary Alfred,
body parts,chin ,-yédéʼ,,,Tommy McGinty and Johnson Edwards (Selkirk Indian Language Noun Dictionary 1977),,head,udzák,109,40,,,,Tommy McGinty,Johnson Edwards
body parts,ear ,-dzák,,,Tommy McGinty and Johnson Edwards (Selkirk Indian Language Noun Dictionary 1977),,head,undáák,111,41,,,,Tommy McGinty,Johnson Edwards
body parts,eye,-ndáák,,,Tommy McGinty and Johnson Edwards (Selkirk Indian Language Noun Dictionary 1977),,head,unelúnʼ,112,41,,,,Tommy McGinty,Johnson Edwards
body parts,eyebrow ,-nelų́ʼ,,,Tommy McGinty and Johnson Edwards (Selkirk Indian Language Noun Dictionary 1977),,head,utsʼélrúnʼ,113,41,CR18,,,Tommy McGinty,Johnson Edwards
body parts,eyebrow ,-tsʼélrų́ʼ,,,Tommy McGinty and Johnson Edwards (Selkirk Indian Language Noun Dictionary 1977),,head,undáák yéʼ,114,41,CR18,,,Tommy McGinty,Johnson Edwards
body parts,eyelash ,-ndáák yéʼ,,,Tommy McGinty and Johnson Edwards (Selkirk Indian Language Noun Dictionary 1977),,head,undáák naghóyéʼ,115,41,CR19,,,Tommy McGinty,Johnson Edwards
body parts,eyelash ,-ndáák naghóyéʼ,,,Tommy McGinty and Johnson Edwards (Selkirk Indian Language Noun Dictionary 1977),Mary Alfred says it could also be ʼeyebrowʼ,head,undáák zúnʼ,116,41,CR19,,,Tommy McGinty,Johnson Edwards
body parts,pupil of eye ,-ndáák zúnʼ,,,Tommy McGinty and Johnson Edwards (Selkirk Indian Language Noun Dictionary 1977),,head,unínʼ,117,41,,,,Tommy McGinty,Johnson Edwards
body parts,face,-nį́nʼ,,,Tommy McGinty and Johnson Edwards (Selkirk Indian Language Noun Dictionary 1977),,head,ukʼe,118,41,,,,Tommy McGinty,Johnson Edwards
body parts,fat ,-kʼe,,,Tommy McGinty and Johnson Edwards (Selkirk Indian Language Noun Dictionary 1977),,,ulatthʼóʼ,119,41,,,,Tommy McGinty,Johnson Edwards
body parts,fat (adjective),netthän,,,Mary Alfred,,,ulatsawa,new,,,,,Mary Alfred,
body parts,skinny (adjective),tsaangän,,,Mary Alfred,,,ulatthʼóʼ cho,new,,,,,Mary Alfred,
body parts,fingers,-latthʼóʼ,,,Tommy McGinty and Johnson Edwards (Selkirk Indian Language Noun Dictionary 1977),,hand,ulagánʼ,120,41,CR?,,,Tommy McGinty,Johnson Edwards
body parts,little finger ,-latsawa,,,Tommy McGinty and Johnson Edwards (Selkirk Indian Language Noun Dictionary 1977),,hand,utthánʼ,123,41,CR?,,,Tommy McGinty,Johnson Edwards
body parts,middle finger,-latthʼóʼ cho,,,Tommy McGinty and Johnson Edwards (Selkirk Indian Language Noun Dictionary 1977),,hand,utʼíngyánʼ,124,41,CR?,,,Tommy McGinty,Johnson Edwards
body parts,fingernails,-lagánʼ,,,Tommy McGinty and Johnson Edwards (Selkirk Indian Language Noun Dictionary 1977),,hand,ukíʼ,125,41,,,,Tommy McGinty,Johnson Edwards
body parts,flesh,-tthän,,,Tommy McGinty and Johnson Edwards (Selkirk Indian Language Noun Dictionary 1977),can refer to animals?,organ,ukentlʼéʼ,126,41,CR20,,,Tommy McGinty,Johnson Edwards
body parts,flesh ,-tʼíngyánʼ,,,Tommy McGinty and Johnson Edwards (Selkirk Indian Language Noun Dictionary 1977),did the diacritics work correctly here?,organ,uketlʼaak ,127,41,CR20,,,Tommy McGinty,Johnson Edwards
body parts,foot,-kíʼ,,,Tommy McGinty and Johnson Edwards (Selkirk Indian Language Noun Dictionary 1977),,foot,uketlʼa,128,41,CR?,,,Tommy McGinty,Johnson Edwards
body parts,heel ,-kentlʼéʼ,,,Tommy McGinty and Johnson Edwards (Selkirk Indian Language Noun Dictionary 1977),,foot,ukentʼaak ,129,41,CR?,,,Tommy McGinty,Johnson Edwards
body parts,sole,-kítlʼaak ,,,Tommy McGinty and Johnson Edwards (Selkirk Indian Language Noun Dictionary 1977),,foot,utthʼyánʼ,130,41,CR21,,,Tommy McGinty,Johnson Edwards
body parts,sole,-kítlʼa,,,Tommy McGinty and Johnson Edwards (Selkirk Indian Language Noun Dictionary 1977),,foot,utsʼat,131,41,CR21,,,Tommy McGinty,Johnson Edwards
body parts,top of foot ,-kítʼa,,,Tommy McGinty and Johnson Edwards (Selkirk Indian Language Noun Dictionary 1977),,foot,utsʼataan,132,41,,,,Tommy McGinty,Johnson Edwards
body parts,forearm ,-tthʼyánʼ,,,Tommy McGinty and Johnson Edwards (Selkirk Indian Language Noun Dictionary 1977),,arm,utlʼóʼ,133,41,,,,Tommy McGinty,Johnson Edwards
body parts,forehead,-tsʼat,,,Tommy McGinty and Johnson Edwards (Selkirk Indian Language Noun Dictionary 1977),,head,ughutthánʼ,134,41,CR22,,,Tommy McGinty,Johnson Edwards
body parts,forehead,-tsʼatąą,,,Tommy McGinty and Johnson Edwards (Selkirk Indian Language Noun Dictionary 1977),,head,utsʼik,135,41,CR22,,,Tommy McGinty,Johnson Edwards
body parts,gallbladder,-tlʼóʼ,,,Tommy McGinty and Johnson Edwards (Selkirk Indian Language Noun Dictionary 1977),,organ,ugáán tlʼyaak yéʼ,136,41,,,,Tommy McGinty,Johnson Edwards
body parts,gums,-ghutthan,,,Tommy McGinty and Johnson Edwards (Selkirk Indian Language Noun Dictionary 1977),,head,uyéʼ,137,41,,,teeth flesh,Tommy McGinty,Johnson Edwards
body parts,guts,-tsʼik,,,Tommy McGinty and Johnson Edwards (Selkirk Indian Language Noun Dictionary 1977),,organ,udzechínʼ yéʼ,138,41,,,,Tommy McGinty,Johnson Edwards
body parts,armpit hair ,-gą́ą́ tlʼyaak yéʼ,,,Tommy McGinty and Johnson Edwards (Selkirk Indian Language Noun Dictionary 1977),itʼs tlʼyáák in the entry for ʼarmpitʼ ,hair,utthíʼ degay ,139,42,CR?,,,Tommy McGinty,Johnson Edwards
body parts,body hair ,-yéʼ,,,Tommy McGinty and Johnson Edwards (Selkirk Indian Language Noun Dictionary 1977),,hair,utthéyéʼ ,140,42,CR?,,,Tommy McGinty,Johnson Edwards
body parts,chest hair ,-dzedhyaw yéʼ,,,Tommy McGinty and Johnson Edwards (Selkirk Indian Language Noun Dictionary 1977),updated by MA (july 3 2025),hair,uléʼ,141,42,CR?,,,Tommy McGinty ,Johnson Edwards
body parts,white hair,-tthíyéʼ degay ,,,Tommy McGinty and Johnson Edwards (Selkirk Indian Language Noun Dictionary 1977),,hair,ulatʼaak ,142,42,CR?,,,Tommy McGinty,Johnson Edwards
body parts,head hair ,-tthíyéʼ ,,,Tommy McGinty and Johnson Edwards (Selkirk Indian Language Noun Dictionary 1977),updated by MA (july 3 2025),hair,utlʼáʼ,143,42,CR?,,,Tommy McGinty,Johnson Edwards
body parts,hand ,-léʼ,,,Tommy McGinty and Johnson Edwards (Selkirk Indian Language Noun Dictionary 1977),,hand,utlʼaak ,144,42,CR?,,,Tommy McGinty,Johnson Edwards
body parts,back of hand ,-létʼaak ,,,Tommy McGinty and Johnson Edwards (Selkirk Indian Language Noun Dictionary 1977),,hand,utthíʼ,145,42,CR?,,,Tommy McGinty,Johnson Edwards
body parts,palm,-tlʼáʼ,,,Tommy McGinty and Johnson Edwards (Selkirk Indian Language Noun Dictionary 1977),,hand,udzíʼ,146,42,CR23,,,Tommy McGinty,Johnson Edwards
body parts,palm,-létlʼaak ,,,Tommy McGinty and Johnson Edwards (Selkirk Indian Language Noun Dictionary 1977),updated by MA (july 3 2025),hand,ugháwʼ,147,42,CR23,,,Tommy McGinty,Johnson Edwards
body parts,head,-tthíʼ,,,Tommy McGinty and Johnson Edwards (Selkirk Indian Language Noun Dictionary 1977),,head,ukʼáyʼ,148,42,,,,Tommy McGinty,Johnson Edwards
body parts,heart,-dzíʼ,,,Tommy McGinty and Johnson Edwards (Selkirk Indian Language Noun Dictionary 1977),,organ,ukʼáytthʼánʼ,149,42,,,,Tommy McGinty,Johnson Edwards
body parts,hindquarter,-gháwʼ,,,Tommy McGinty and Johnson Edwards (Selkirk Indian Language Noun Dictionary 1977),what is that for a person? Bum?,torso,uyétthʼánʼ,150,42,,,,Tommy McGinty,Johnson Edwards
body parts,hipbone ,-kʼáyʼ,,,Tommy McGinty and Johnson Edwards (Selkirk Indian Language Noun Dictionary 1977),,torso,uzhétthʼánʼ,151,42,CR24,,,Tommy McGinty,Johnson Edwards
body parts,hipbone ,-kʼétthánʼ,,,Tommy McGinty and Johnson Edwards (Selkirk Indian Language Noun Dictionary 1977),,torso,utʼróʼ,152,42,CR24,,,Tommy McGinty,Johnson Edwards
body parts,hip,-kʼé ,,,Mary Alfred,,torso,ukʼráʼ,new,,,,,Mary Alfred,
body parts,jaw,-yétthánʼ,,,Tommy McGinty and Johnson Edwards (Selkirk Indian Language Noun Dictionary 1977),,head,ugwát,153,42,CR25,,,Tommy McGinty,Johnson Edwards
body parts,jaw,-zhétthánʼ,,,Tommy McGinty and Johnson Edwards (Selkirk Indian Language Noun Dictionary 1977),,head,utthʼánʼ,155,42,CR25,,,Tommy McGinty,Johnson Edwards
body parts,kidney ,-chʼróʼ,,,Tommy McGinty and Johnson Edwards (Selkirk Indian Language Noun Dictionary 1977),,organ,ukechánʼ ,156,42,,,,Tommy McGinty,Johnson Edwards
body parts,larynx,-kʼráʼ,,,Tommy McGinty and Johnson Edwards (Selkirk Indian Language Noun Dictionary 1977),,neck,udambáwʼ,157,42,,,,Tommy McGinty,Johnson Edwards
body parts,knee,-gwät,,,Tommy McGinty and Johnson Edwards (Selkirk Indian Language Noun Dictionary 1977),,leg,udhát,158,42,,,,Tommy McGinty,Johnson Edwards
body parts,leg ,-ghaw,,,Tommy McGinty and Johnson Edwards (Selkirk Indian Language Noun Dictionary 1977),updated by MA (july 3 2025); whole leg -MA,leg,udzéʼyók,159,42,CR?,,,Tommy McGinty,Johnson Edwards
body parts,ankle,-kíchänʼ ,,,Tommy McGinty and Johnson Edwards (Selkirk Indian Language Noun Dictionary 1977),"-translation updated, lower leg --> ankle, MA july 3",leg,udzadyák,160,42,CR?,,,Tommy McGinty,Johnson Edwards
body parts,lips,-dembáwʼ,,,Tommy McGinty and Johnson Edwards (Selkirk Indian Language Noun Dictionary 1977),,head,uzhák,161,42,,,,Tommy McGinty,Johnson Edwards
body parts,liver,-dhát,,,Tommy McGinty and Johnson Edwards (Selkirk Indian Language Noun Dictionary 1977),,organ,udhyáák ,162,42,,,,Tommy McGinty,Johnson Edwards
body parts,lungs,-dzéʼyók,,,Tommy McGinty and Johnson Edwards (Selkirk Indian Language Noun Dictionary 1977),,organ,ujúkʼyáʼ,163,42,CR26,,,Tommy McGinty,Johnson Edwards
body parts,lungs,-dzadyák,,,Tommy McGinty and Johnson Edwards (Selkirk Indian Language Noun Dictionary 1977),,organ,ujúʼ yétyak ,164,42,CR26,,,Tommy McGinty,Johnson Edwards
body parts,marrow,-zhák,,,Tommy McGinty and Johnson Edwards (Selkirk Indian Language Noun Dictionary 1977),"also enter as ""his bone marrow""?",,ukʼo ,165,42,,,,Tommy McGinty,Johnson Edwards
body parts,mouth ,-dhyáák ,,,Tommy McGinty and Johnson Edwards (Selkirk Indian Language Noun Dictionary 1977),,head,ukʼráʼ,166,42,,,,Tommy McGinty,Johnson Edwards
body parts,belly button,-júkʼyáʼ,,,Tommy McGinty and Johnson Edwards (Selkirk Indian Language Noun Dictionary 1977),,torso,udhétlʼyáwʼ,167,43,CR27,,,Tommy McGinty,Johnson Edwards
body parts,belly button,-júʼ yétyak ,,,Tommy McGinty and Johnson Edwards (Selkirk Indian Language Noun Dictionary 1977),,torso,utsin,168,43,CR27,,,Tommy McGinty,Johnson Edwards
body parts,neck ,-kʼo ,,,Tommy McGinty and Johnson Edwards (Selkirk Indian Language Noun Dictionary 1977),,neck,utsin gháánʼ,169,43,,,,Tommy McGinty,Johnson Edwards
body parts,throat,-kʼráʼ,,,Tommy McGinty and Johnson Edwards (Selkirk Indian Language Noun Dictionary 1977),same as larynx entry,neck,unyan,170,43,,,,Tommy McGinty,Johnson Edwards
body parts,neck veins,-dhétlʼyáwʼ,,,Tommy McGinty and Johnson Edwards (Selkirk Indian Language Noun Dictionary 1977),,neck,unin,171,43,,,,Tommy McGinty,Johnson Edwards
body parts,nose,-tsįn,,,Tommy McGinty and Johnson Edwards (Selkirk Indian Language Noun Dictionary 1977),,head,utlʼétthʼánʼ,172,43,,,,Tommy McGinty,Johnson Edwards
body parts,nose ridge,-tsin gháánʼ,,,Tommy McGinty and Johnson Edwards (Selkirk Indian Language Noun Dictionary 1977),,head,utsók,173,43,,,,Tommy McGinty,Johnson Edwards
body parts,nostrils,-nyan,,,Tommy McGinty and Johnson Edwards (Selkirk Indian Language Noun Dictionary 1977),,head,dunyána lélróʼ,174,43,CR28,,,Tommy McGinty,Johnson Edwards
body parts,nostrils,-nįn,,,Tommy McGinty and Johnson Edwards (Selkirk Indian Language Noun Dictionary 1977),,head,utlʼékhéʼ,175,43,CR28,,,Tommy McGinty,Johnson Edwards
body parts,pelvic bone,-tlʼétthánʼ,,,Tommy McGinty and Johnson Edwards (Selkirk Indian Language Noun Dictionary 1977),,torso,ucháánʼ,176,43,,,,Tommy McGinty,Johnson Edwards
body parts,penis,-tsók,,,Tommy McGinty and Johnson Edwards (Selkirk Indian Language Noun Dictionary 1977),,reproduction,utlʼéʼ,177,43,,see3,,Tommy McGinty,Johnson Edwards
body parts,kidʼs penis,dunyána lélróʼ,,,Tommy McGinty and Johnson Edwards (Selkirk Indian Language Noun Dictionary 1977),inalienable?,reproduction,utlʼéʼ,178,43,,see3,,Tommy McGinty,Johnson Edwards
body parts,pubic hair ,-tlʼékhéʼ,,,Tommy McGinty and Johnson Edwards (Selkirk Indian Language Noun Dictionary 1977),,hair,ughródhóʼ,179,43,,,,Tommy McGinty,Johnson Edwards
body parts,ribs,-chą́ą́ʼ,,,Tommy McGinty and Johnson Edwards (Selkirk Indian Language Noun Dictionary 1977),,torso,ugáchánʼ,180,43,,,,Tommy McGinty,Johnson Edwards
body parts,rump,-tlʼéʼ,,,Tommy McGinty and Johnson Edwards (Selkirk Indian Language Noun Dictionary 1977),same word for animal and person,torso,ugázrun,181,43,,,,Tommy McGinty,Johnson Edwards
body parts,buttocks,-tlʼéʼ,,,Tommy McGinty and Johnson Edwards (Selkirk Indian Language Noun Dictionary 1977),same word for animal and person,torso,ugázrun gwát,182,,,,,Tommy McGinty,Johnson Edwards
body parts,scrotum,-ghródhóʼ,,,Tommy McGinty and Johnson Edwards (Selkirk Indian Language Noun Dictionary 1977),,reproduction,udhóʼ,183,43,,,,Tommy McGinty,Johnson Edwards
body parts,shoulder blade,-gą́chánʼ,,,Tommy McGinty and Johnson Edwards (Selkirk Indian Language Noun Dictionary 1977),,torso,utʼyúnʼ,184,43,,,,Tommy McGinty,Johnson Edwards
body parts,shoulder bone ,-gą́zrų,,,Tommy McGinty and Johnson Edwards (Selkirk Indian Language Noun Dictionary 1977),,torso,uchánʼ,185,43,,,,Tommy McGinty,Johnson Edwards
body parts,shoulder joint,-gą́zrų gwät,,,Tommy McGinty and Johnson Edwards (Selkirk Indian Language Noun Dictionary 1977),gwät = word for joint?,torso,uchántthʼánʼ,186,43,,,,Tommy McGinty,Johnson Edwards
body parts,skin,-dhóʼ,,,Tommy McGinty and Johnson Edwards (Selkirk Indian Language Noun Dictionary 1977),,organ,udyánʼ kháʼ,187,43,CR29,,,Tommy McGinty,Johnson Edwards
body parts,skin ,-tʼyúnʼ,,,Tommy McGinty and Johnson Edwards (Selkirk Indian Language Noun Dictionary 1977),,organ,uníntsʼúʼ,188,43,CR29,,,Tommy McGinty,Johnson Edwards
body parts,spine,-chä́nʼ,,,Tommy McGinty and Johnson Edwards (Selkirk Indian Language Noun Dictionary 1977),,torso,ughúʼ,189,43,CR30,,,Tommy McGinty,Johnson Edwards
body parts,spinal cord ,-dyánʼ kháʼ,,,Tommy McGinty and Johnson Edwards (Selkirk Indian Language Noun Dictionary 1977),,torso,kʼétlʼaak ghúʼ,#REF!,43,CR31,,,Tommy McGinty,Johnson Edwards
body parts,spinal cord ,-níntsʼúʼ,,,Tommy McGinty and Johnson Edwards (Selkirk Indian Language Noun Dictionary 1977),,torso,kʼétaan ghúʼ,191,43,CR31,,,Tommy McGinty,Johnson Edwards
body parts,teeth ,-ghúʼ,,,Tommy McGinty and Johnson Edwards (Selkirk Indian Language Noun Dictionary 1977),,head,uchʼát,192,43,,see4,,Tommy McGinty,Johnson Edwards
body parts,lower teeth ,-kʼétlʼaak ghúʼ,,,Tommy McGinty and Johnson Edwards (Selkirk Indian Language Noun Dictionary 1977),"my lower teeth ""ikʼétlʼaak ghúʼ"" -MA (july 3 2025)",head,ughrótsíʼ,193,43,,see4,,Tommy McGinty,Johnson Edwards
body parts,upper teeth ,-kʼétąą ghúʼ,,,Tommy McGinty and Johnson Edwards (Selkirk Indian Language Noun Dictionary 1977),,head,udingho,194,44,,see4,,Tommy McGinty,Johnson Edwards
body parts,tendons,-chʼä́t,,,Tommy McGinty and Johnson Edwards (Selkirk Indian Language Noun Dictionary 1977),,,ulachúʼ,195,44,,,,Tommy McGinty,Johnson Edwards
body parts,testicles,-ghrótsíʼ,,,Tommy McGinty and Johnson Edwards (Selkirk Indian Language Noun Dictionary 1977),,reproduction,ukechúʼ,196,44,,,,Tommy McGinty,Johnson Edwards
body parts,thigh muscle ,-dįngho,,,Tommy McGinty and Johnson Edwards (Selkirk Indian Language Noun Dictionary 1977),,leg,uketsawa,197,44,,,,Tommy McGinty,Johnson Edwards
body parts,thumb,-letthóʼ,,,Tommy McGinty and Johnson Edwards (Selkirk Indian Language Noun Dictionary 1977),,hand,uketthʼóʼ cho ,198,44,,,,Tommy McGinty,Johnson Edwards
body parts,toes,-ketthóʼ,,,Tommy McGinty and Johnson Edwards (Selkirk Indian Language Noun Dictionary 1977),,foot,ukegánʼ,199,44,,see5,,Tommy McGinty,Johnson Edwards
body parts,little toe,-ketthóʼ duntsyawa,,,Mary Alfred,,foot,utthyáwʼ,new,,,,,Mary Alfred,
body parts,little toe,-ketsawa,,,Tommy McGinty and Johnson Edwards (Selkirk Indian Language Noun Dictionary 1977),,foot,ujútlʼyáwʼ,200,44,,see5,,Tommy McGinty,Johnson Edwards
body parts,big toe ,-ketthʼóʼ cho ,,,Tommy McGinty and Johnson Edwards (Selkirk Indian Language Noun Dictionary 1977),,foot,umbát day,202,44,,see5,,Tommy McGinty,Johnson Edwards
body parts,toenails,-ketthóʼ kegä́nʼ,,,Tommy McGinty and Johnson Edwards (Selkirk Indian Language Noun Dictionary 1977),updated by MA (july 3 2025),foot,ukʼrálák,203,44,,,,Tommy McGinty,Johnson Edwards
body parts,tongue,-tthyáwʼ,,,Tommy McGinty and Johnson Edwards (Selkirk Indian Language Noun Dictionary 1977),,head,udrúʼ,204,44,,,,Tommy McGinty,Johnson Edwards
body parts,umbilical cord,-jútlʼyáwʼ,,,Tommy McGinty and Johnson Edwards (Selkirk Indian Language Noun Dictionary 1977),,reproduction,udrúʼ tthyáwʼ,205,44,,,belly cord or cord to the belly button,Tommy McGinty,Johnson Edwards
body parts,upper body ,-mbát day,,,Tommy McGinty and Johnson Edwards (Selkirk Indian Language Noun Dictionary 1977),,torso,uchʼúʼ,206,44,,,,Tommy McGinty,Johnson Edwards
body parts,uvula,-kʼrálák,,,Tommy McGinty and Johnson Edwards (Selkirk Indian Language Noun Dictionary 1977),,head,utlʼát,207,44,,,,Tommy McGinty,Johnson Edwards
body parts,vagina,-drúʼ,,,Tommy McGinty and Johnson Edwards (Selkirk Indian Language Noun Dictionary 1977),,reproduction,udayéʼ,208,44,,,,Tommy McGinty,Johnson Edwards
body parts,clitoris,-drúʼ tthyáwʼ,,,Tommy McGinty and Johnson Edwards (Selkirk Indian Language Noun Dictionary 1977),,reproduction,utsʼát,209,44,,,,Tommy McGinty,Johnson Edwards
body parts,veins,-chʼúʼ,,,Tommy McGinty and Johnson Edwards (Selkirk Indian Language Noun Dictionary 1977),,,utsʼádhóʼ,210,44,,,,Tommy McGinty,Johnson Edwards
body parts,waist,-tlʼát,,,Tommy McGinty and Johnson Edwards (Selkirk Indian Language Noun Dictionary 1977),"same word for stomach in ""diarrhea""",torso,utsʼángwát,211,44,,,,Tommy McGinty,Johnson Edwards
body parts,whiskers,-deyéʼ,,,Tommy McGinty and Johnson Edwards (Selkirk Indian Language Noun Dictionary 1977),"""whiskers"" translation confusing? – check if animal or human",hair,dan yíndíʼ,212,44,,,,Tommy McGinty,Johnson Edwards
body parts,womb,-tsʼát,,,Tommy McGinty and Johnson Edwards (Selkirk Indian Language Noun Dictionary 1977),,reproduction,uyíndí nátsat,213,44,CR32,,,Tommy McGinty,Johnson Edwards
body parts,womb,-tsʼádhóʼ,,,Tommy McGinty and Johnson Edwards (Selkirk Indian Language Noun Dictionary 1977),,reproduction,uyíndí tetsu,214,44,CR32,,,Tommy McGinty,Johnson Edwards
body parts,wrist,-tsʼángwätʼ,,,Tommy McGinty and Johnson Edwards (Selkirk Indian Language Noun Dictionary 1977),,hand,dan zíʼ,215,44,,,,Tommy McGinty,Johnson Edwards
non-material,personʼs mind,dän yéndíʼ,,,Tommy McGinty and Johnson Edwards (Selkirk Indian Language Noun Dictionary 1977),,,dan yúnzrúnʼ,216,45,,,,Tommy McGinty,Johnson Edwards
non-material,strong mind,-yéndí nátsät,,,Tommy McGinty and Johnson Edwards (Selkirk Indian Language Noun Dictionary 1977),,,dan yúnzrúnʼ,217,45,,,,Tommy McGinty,Johnson Edwards
non-material,weak mind,-yéndí tetsu,,,Tommy McGinty and Johnson Edwards (Selkirk Indian Language Noun Dictionary 1977),,,dan yúnzrúnʼ,218,45,,,,Tommy McGinty,Johnson Edwards
non-material,personʼs name,dän zhíʼ,,,Tommy McGinty and Johnson Edwards (Selkirk Indian Language Noun Dictionary 1977),,,dan yézrúnʼ,219,45,,,,Tommy McGinty,Johnson Edwards
non-material,personʼs name,dän zíʼ,,,Mary Alfred,,,dan yézrúnʼ,new,,,,,Mary Alfred,
non-material,personʼs shadow,dän yélrų́ʼ,,,Tommy McGinty and Johnson Edwards (Selkirk Indian Language Noun Dictionary 1977),-what about an inanimate shadow?,,dan yézrúnʼ,220,45,CR33,,,Tommy McGinty,Johnson Edwards
non-material,personʼs spirit,dän yézrų́ʼ,,,Tommy McGinty and Johnson Edwards (Selkirk Indian Language Noun Dictionary 1977),-need to go back to this ,,túndót,222,45,CR33,,,Tommy McGinty,Johnson Edwards
non-material,personʼs ghost,dän yétsyän,,,Mary Alfred,updated by MA - july 4 2025,,daw,223,45,CR33,,,Mary Alfred,
non-material,personʼs shadow,dän yézrúnʼ,,,Tommy McGinty and Johnson Edwards (Selkirk Indian Language Noun Dictionary 1977),-need to go back to this ,,tsʼóʼ,224,45,CR33,,,Tommy McGinty,Johnson Edwards
non-material,personʼs spirit,dän yézrúnʼ,,,Tommy McGinty and Johnson Edwards (Selkirk Indian Language Noun Dictionary 1977),-need to go back to this ,,dan dezrun,225,45,CR33,,,Tommy McGinty,Johnson Edwards
non-material,personʼs ghost,dän yézrúnʼ,,,Tommy McGinty and Johnson Edwards (Selkirk Indian Language Noun Dictionary 1977),-need to go back to this ,,etíʼ,226,45,CR33,,,Tommy McGinty,Johnson Edwards
body products / conditions / diseases,blister,túndót,,,Tommy McGinty and Johnson Edwards (Selkirk Indian Language Noun Dictionary 1977),are these next three not inalienable? ,,dan utó hothyat,227,46,,,,Tommy McGinty,Johnson Edwards
body products / conditions / diseases,blood,daw,,,Tommy McGinty and Johnson Edwards (Selkirk Indian Language Noun Dictionary 1977),,,tlʼát hutsʼík,228,46,,,,Tommy McGinty,Johnson Edwards
body products / conditions / diseases,boil,tsʼóʼ,,,Tommy McGinty and Johnson Edwards (Selkirk Indian Language Noun Dictionary 1977),on the body (noun),,dan dzák tʼróʼ,229,46,,,,Tommy McGinty,Johnson Edwards
body products / conditions / diseases,personʼs breath,dän dezrun,,,Tommy McGinty and Johnson Edwards (Selkirk Indian Language Noun Dictionary 1977),,,tsénʼ,230,46,,,,Tommy McGinty,Johnson Edwards
body products / conditions / diseases,personʼs breathing,dän dejíʼ,,,Mary Alfred,,verb,jaat,,,,,,Mary Alfred,
body products / conditions / diseases,corpse,etíʼ,,,Tommy McGinty and Johnson Edwards (Selkirk Indian Language Noun Dictionary 1977),,,jaat,231,46,,,-check if -tíʼ is possible,Tommy McGinty,Johnson Edwards
body products / conditions / diseases,crippled person ,dän utó hothyat,,,Tommy McGinty and Johnson Edwards (Selkirk Indian Language Noun Dictionary 1977),,,tlʼóʼ,233,46,,,,Tommy McGinty,Johnson Edwards
body products / conditions / diseases,diarrhea,tlʼát hutsʼík,,,Tommy McGinty and Johnson Edwards (Selkirk Indian Language Noun Dictionary 1977),,,dan unánʼ hánanʼe,234,46,,,,Tommy McGinty,Johnson Edwards
body products / conditions / diseases,diarrhea,tsę́ʼ tlʼát,,,Mary Alfred,,,ayéndyáʼ máʼ,new,,,,runny stomach,Mary Alfred,
body products / conditions / diseases,personʼs ear wax,dän dzák tʼróʼ,,,Tommy McGinty and Johnson Edwards (Selkirk Indian Language Noun Dictionary 1977),,,ayéndyáʼ tʼók,235,46,,,person ear ??,Tommy McGinty,Johnson Edwards
body products / conditions / diseases,poop,tsę́ʼ,,,Tommy McGinty and Johnson Edwards (Selkirk Indian Language Noun Dictionary 1977),,,tsin gho,237,46,,,,Tommy McGinty,Johnson Edwards
body products / conditions / diseases,fart,jaat,,,Tommy McGinty and Johnson Edwards (Selkirk Indian Language Noun Dictionary 1977),,,kho,#REF!,46,CR34,,,Tommy McGinty,Johnson Edwards
body products / conditions / diseases,gall,tlʼóʼ,,,Tommy McGinty and Johnson Edwards (Selkirk Indian Language Noun Dictionary 1977),same word for gallbladder; clarify english def (bile?),,łyat,239,46,,,,Tommy McGinty,Johnson Edwards
body products / conditions / diseases,hunchback ,dän unánʼ hánanʼe,,,Tommy McGinty and Johnson Edwards (Selkirk Indian Language Noun Dictionary 1977),,,shat,240,46,,,,Tommy McGinty,Johnson Edwards
body products / conditions / diseases,milk (womanʼs),eyį́nją́ʼ máʼ,,,Tommy McGinty and Johnson Edwards (Selkirk Indian Language Noun Dictionary 1977),,,khan,241,46,CR35,,,Tommy McGinty,Johnson Edwards
body products / conditions / diseases,milk (womanʼs),eyį́nją́ʼ tʼók,,,Tommy McGinty and Johnson Edwards (Selkirk Indian Language Noun Dictionary 1977),"-we changed the spelling of ""breast"" to -chʼók; should it be changed here? listen back?",,náák thun,242,46,CR35,,woman's breast (MA),Tommy McGinty,Johnson Edwards
body products / conditions / diseases,mucus,tsin gho,,,Tommy McGinty and Johnson Edwards (Selkirk Indian Language Noun Dictionary 1977),,,dezyaak,243,46,,,,Tommy McGinty,Johnson Edwards
body products / conditions / diseases,pus,kho,,,Tommy McGinty and Johnson Edwards (Selkirk Indian Language Noun Dictionary 1977),,,tenedhyáw,244,46,,,,Tommy McGinty,Johnson Edwards
body products / conditions / diseases,scab,łyat,,,Tommy McGinty and Johnson Edwards (Selkirk Indian Language Noun Dictionary 1977),,,náák túʼ,245,46,,,,Tommy McGinty,Johnson Edwards
body products / conditions / diseases,scar,shat,,,Tommy McGinty and Johnson Edwards (Selkirk Indian Language Noun Dictionary 1977),,,tsáy túʼ,246,46,,,,Tommy McGinty,Johnson Edwards
body products / conditions / diseases,semen,khan,,,Tommy McGinty and Johnson Edwards (Selkirk Indian Language Noun Dictionary 1977),,,ghutsáánʼ,247,46,,,,Tommy McGinty,Johnson Edwards
body products / conditions / diseases,snowblindness,ndáák thun,,,Tommy McGinty and Johnson Edwards (Selkirk Indian Language Noun Dictionary 1977),,,kho dzedetlʼíʼ,248,46,,,eye ??,Tommy McGinty,Johnson Edwards
body products / conditions / diseases,spit ,dezyaak,,,Tommy McGinty and Johnson Edwards (Selkirk Indian Language Noun Dictionary 1977),from the body,,łro,249,46,,,,Tommy McGinty,Johnson Edwards
body products / conditions / diseases,sweat (he sweats),tenedhyáw,,,Tommy McGinty and Johnson Edwards (Selkirk Indian Language Noun Dictionary 1977),verb,verb,neku,250,47,,,,Tommy McGinty,Johnson Edwards
body products / conditions / diseases,tears,ndáák chu,,,Tommy McGinty and Johnson Edwards (Selkirk Indian Language Noun Dictionary 1977),not inalienable (MA),,tthʼyáwʼ,251,47,CR36,,eye water,Tommy McGinty,Johnson Edwards
body products / conditions / diseases,tears,tsáy chu,,,Tommy McGinty and Johnson Edwards (Selkirk Indian Language Noun Dictionary 1977),based on verb? ; follow up to find out if its a verb or noun,,gúyát,252,47,CR36,,water from crying,Tommy McGinty,Johnson Edwards
body products / conditions / diseases,tooth tartar,ghutsáánʼ,,,Tommy McGinty and Johnson Edwards (Selkirk Indian Language Noun Dictionary 1977),,,thi,253,47,,,,Tommy McGinty,Johnson Edwards
body products / conditions / diseases,tuberculosis,kho dzedetlʼíʼ,,,Tommy McGinty and Johnson Edwards (Selkirk Indian Language Noun Dictionary 1977),,,thay,254,47,,,,Tommy McGinty,Johnson Edwards
body products / conditions / diseases,urine,łro,,,Tommy McGinty and Johnson Edwards (Selkirk Indian Language Noun Dictionary 1977),add C1 for pee?,,tthʼyánzhu,255,47,,,,Tommy McGinty,Johnson Edwards
body products / conditions / diseases,vomit,ku,,,Tommy McGinty and Johnson Edwards (Selkirk Indian Language Noun Dictionary 1977),"MA - (neku = vomitting, verb); entry edited MA july 4, 2025)",,ʼyáák tsáwʼ,256,47,,,,Tommy McGinty,Johnson Edwards
body products / conditions / diseases,wart,tthʼyáwʼ,,,Tommy McGinty and Johnson Edwards (Selkirk Indian Language Noun Dictionary 1977),,,tsʼáʼ,257,47,,,,Tommy McGinty,Johnson Edwards
clothing / ornamentation,beads,gúyát,,,Tommy McGinty and Johnson Edwards (Selkirk Indian Language Noun Dictionary 1977),"-check HT on last a, not sure",,tsʼaat,258,48,,,,Tommy McGinty,Johnson Edwards
clothing / ornamentation,belt,thi,,,Tommy McGinty and Johnson Edwards (Selkirk Indian Language Noun Dictionary 1977),,,nde,259,48,CR37,,,Tommy McGinty,Johnson Edwards
clothing / ornamentation,belt,the,,,Tommy McGinty and Johnson Edwards (Selkirk Indian Language Noun Dictionary 1977),"entry edited MA july 4th, 2025",,dayaan,260,48,CR37,,,Tommy McGinty,Johnson Edwards
clothing / ornamentation,bracelet,tthʼyánzhu,,,Tommy McGinty and Johnson Edwards (Selkirk Indian Language Noun Dictionary 1977),,,ayéndyáʼ ʼyáák,261,48,,,,Tommy McGinty,Johnson Edwards
clothing / ornamentation,button,ʼyáák tsáwʼ,,,Tommy McGinty and Johnson Edwards (Selkirk Indian Language Noun Dictionary 1977),,,ayéndyáʼ ʼyáák,262,48,,,,Tommy McGinty,Johnson Edwards
clothing / ornamentation,cap ,tsʼá,,,Tommy McGinty and Johnson Edwards (Selkirk Indian Language Noun Dictionary 1977),,,dzák tlʼyáwʼ,263,48,CR28,,,Tommy McGinty,Johnson Edwards
clothing / ornamentation,cap ,tsʼaat,,,Tommy McGinty and Johnson Edwards (Selkirk Indian Language Noun Dictionary 1977),,,daghan ʼyáák,264,48,CR38,,,Tommy McGinty,Johnson Edwards
clothing / ornamentation,clothes,nde,,,Tommy McGinty and Johnson Edwards (Selkirk Indian Language Noun Dictionary 1977),higher -ey last vowel here - look into it more,,kwʼántʼi,265,48,,,,Tommy McGinty,Johnson Edwards
clothing / ornamentation,coat made of caribou or sheep skin,dayaan,,,Tommy McGinty and Johnson Edwards (Selkirk Indian Language Noun Dictionary 1977),,,detthí tlʼat hechú,266,48,,,,Tommy McGinty,Johnson Edwards
clothing / ornamentation,dress,eyį́nją́ʼ ʼyáák,,,Tommy McGinty and Johnson Edwards (Selkirk Indian Language Noun Dictionary 1977),,,ʼyáák tsʼáʼ ,267,48,CR39,,woman shirt,Tommy McGinty,Johnson Edwards
clothing / ornamentation,skirt,eyį́nją́ʼ tlʼékoʼ,,,Tommy McGinty and Johnson Edwards (Selkirk Indian Language Noun Dictionary 1977),,,maat,268,48,CR39,,woman shirt,Tommy McGinty,Johnson Edwards
clothing / ornamentation,earrings,dzák tlʼyáwʼ,,,Tommy McGinty and Johnson Edwards (Selkirk Indian Language Noun Dictionary 1977),,,ki,269,48,,,ear cord,Tommy McGinty,Johnson Edwards
clothing / ornamentation,fur coat,daghan ʼyáák,,,Tommy McGinty and Johnson Edwards (Selkirk Indian Language Noun Dictionary 1977),,,kechan tho,270,48,,,,Tommy McGinty,Johnson Edwards
clothing / ornamentation,handkerchief,kwʼä́nji,,,Tommy McGinty and Johnson Edwards (Selkirk Indian Language Noun Dictionary 1977),,,lényu,271,48,,,,Tommy McGinty,Johnson Edwards
clothing / ornamentation,head band,detthí tlʼat hechú,,,Tommy McGinty and Johnson Edwards (Selkirk Indian Language Noun Dictionary 1977),vicki note about de prefix ,,tho,272,48,,,,Tommy McGinty,Johnson Edwards
clothing / ornamentation,hood,ʼyáák tsʼáʼ ,,,Tommy McGinty and Johnson Edwards (Selkirk Indian Language Noun Dictionary 1977),Q: hoodie or just hood part?,,yakaak ʼyáák,273,48,,,,Tommy McGinty,Johnson Edwards
clothing / ornamentation,mitts,maat,,,Tommy McGinty and Johnson Edwards (Selkirk Indian Language Noun Dictionary 1977),,,póki,274,48,,,,Tommy McGinty,Johnson Edwards
clothing / ornamentation,mitts,maa',,,,,,tsʼatʼáát,new,,,,,,
clothing / ornamentation,moccasins,ki,,,Tommy McGinty and Johnson Edwards (Selkirk Indian Language Noun Dictionary 1977),,,tsʼatʼá,275,48,,,,Tommy McGinty,Johnson Edwards
clothing / ornamentation,mukluks,kechan tho,,,Tommy McGinty and Johnson Edwards (Selkirk Indian Language Noun Dictionary 1977),,,letthʼi,277,48,,,,Tommy McGinty,Johnson Edwards
clothing / ornamentation,nose ring,lényu,,,Tommy McGinty and Johnson Edwards (Selkirk Indian Language Noun Dictionary 1977),,,dháántʼaak,278,48,,,,Tommy McGinty,Johnson Edwards
clothing / ornamentation,pants,tho,,,Tommy McGinty and Johnson Edwards (Selkirk Indian Language Noun Dictionary 1977),,,dhántʼa,279,48,,,,Tommy McGinty,Johnson Edwards
clothing / ornamentation,parka,yakaak ʼyáák,,,Tommy McGinty and Johnson Edwards (Selkirk Indian Language Noun Dictionary 1977),,,nintthʼan,280,48,CR40,,,Tommy McGinty,Johnson Edwards
clothing / ornamentation,parka,póki,,,Tommy McGinty and Johnson Edwards (Selkirk Indian Language Noun Dictionary 1977),,,intthʼan,281,48,CR40,,,Tommy McGinty,Johnson Edwards
clothing / ornamentation,pocket,tsʼatʼáát,,,Tommy McGinty and Johnson Edwards (Selkirk Indian Language Noun Dictionary 1977),,,ʼyáák,282,48,,,,Tommy McGinty,Johnson Edwards
clothing / ornamentation,pocket,tsʼatʼá,,,Tommy McGinty and Johnson Edwards (Selkirk Indian Language Noun Dictionary 1977),,,ʼyáák,283,48,,,,Tommy McGinty,Johnson Edwards
clothing / ornamentation,ring,letthʼi,,,Tommy McGinty and Johnson Edwards (Selkirk Indian Language Noun Dictionary 1977),,,kegwát,284,49,,,,Tommy McGinty,Johnson Edwards
clothing / ornamentation,scarf,dháántʼaak,,,Tommy McGinty and Johnson Edwards (Selkirk Indian Language Noun Dictionary 1977),,,kegwát tlʼyáwʼ,285,49,CR41,,,Tommy McGinty,Johnson Edwards
clothing / ornamentation,scarf,dhántʼa,,,Tommy McGinty and Johnson Edwards (Selkirk Indian Language Noun Dictionary 1977),,,gáánmáát,286,49,CR41,,,Tommy McGinty,Johnson Edwards
clothing / ornamentation,shell,nintthʼan,,,Tommy McGinty and Johnson Edwards (Selkirk Indian Language Noun Dictionary 1977),-check nį vs. nin,,stógyan,287,49,CR42,,,Tommy McGinty,Johnson Edwards
clothing / ornamentation,shell,intthʼan,,,Tommy McGinty and Johnson Edwards (Selkirk Indian Language Noun Dictionary 1977),,,stógyan,288,49,CR42,,,Tommy McGinty,Johnson Edwards
clothing / ornamentation,shirt,ʼyáák,,,Tommy McGinty and Johnson Edwards (Selkirk Indian Language Noun Dictionary 1977),,,dógyan,289,49,CR43,,,Tommy McGinty,Johnson Edwards
clothing / ornamentation,jacket,ʼyáák,,,Tommy McGinty and Johnson Edwards (Selkirk Indian Language Noun Dictionary 1977),,,dógyan,290,49,CR43,,,Tommy McGinty,Johnson Edwards
clothing / ornamentation,shoes,kegwä́t,,,Tommy McGinty and Johnson Edwards (Selkirk Indian Language Noun Dictionary 1977),,,wánétʼi,291,49,,,,Tommy McGinty,Johnson Edwards
clothing / ornamentation,shoelaces,kegwä́t tlʼyáwʼ,,,Tommy McGinty and Johnson Edwards (Selkirk Indian Language Noun Dictionary 1977),,,deyédéʼ denetráʼ,292,49,,,shoe cord,Tommy McGinty,Johnson Edwards
clothing / ornamentation,sleeve,gą́ą́máát,,,Tommy McGinty and Johnson Edwards (Selkirk Indian Language Noun Dictionary 1977),,,tʼéʼ ʼyáák,293,49,,,arm mitts,Tommy McGinty,Johnson Edwards
clothing / ornamentation,stockings,stógyan,,,Tommy McGinty and Johnson Edwards (Selkirk Indian Language Noun Dictionary 1977),,,tʼanede,294,49,CR44,,prob. borrowed from english,Tommy McGinty,Johnson Edwards
clothing / ornamentation,socks,stógyan,,,Tommy McGinty and Johnson Edwards (Selkirk Indian Language Noun Dictionary 1977),,,denétʼro,295,49,CR44,,prob. borrowed from english,Tommy McGinty,Johnson Edwards
clothing / ornamentation,stockings,dúgyan,,,Tommy McGinty and Johnson Edwards (Selkirk Indian Language Noun Dictionary 1977),,,denétʼroʼ,296,49,CR44,,,Tommy McGinty,Johnson Edwards
clothing / ornamentation,socks,dúgyan,,,Tommy McGinty and Johnson Edwards (Selkirk Indian Language Noun Dictionary 1977),,,dettho,297,49,CR44,,,Tommy McGinty,Johnson Edwards
clothing / ornamentation,suspenders,wánétʼi,,,Tommy McGinty and Johnson Edwards (Selkirk Indian Language Noun Dictionary 1977),,,dentlʼrun,298,49,,,,Tommy McGinty,Johnson Edwards
clothing / ornamentation,tattoo (chin),deyédéʼ denetráʼ,,,Tommy McGinty and Johnson Edwards (Selkirk Indian Language Noun Dictionary 1977),"cross reference with ""chin""? Is this in the correct sem category?; check de- prefix",,dentlʼrun,299,49,,,,Tommy McGinty,Johnson Edwards
clothing / ornamentation,underclothes,tʼéʼ ʼyáák,,,Tommy McGinty and Johnson Edwards (Selkirk Indian Language Noun Dictionary 1977),,,denintlʼrun,300,49,CR45,,,Tommy McGinty,Johnson Edwards
clothing / ornamentation,underclothes,tʼanede,,,Tommy McGinty and Johnson Edwards (Selkirk Indian Language Noun Dictionary 1977),,,denintlʼrun,301,49,CR45,,,Tommy McGinty,Johnson Edwards
colours,black ,denétʼro,,,Tommy McGinty and Johnson Edwards (Selkirk Indian Language Noun Dictionary 1977),,,detsʼa,302,50,CR46,,,Tommy McGinty,Johnson Edwards
colours,black ,denétʼroʼ,,,Tommy McGinty and Johnson Edwards (Selkirk Indian Language Noun Dictionary 1977),,,detsʼaat,303,50,CR46,,,Tommy McGinty,Johnson Edwards
colours,brown ,dettho,,,Tommy McGinty and Johnson Edwards (Selkirk Indian Language Noun Dictionary 1977),,,ukádegay,304,50,,,,Tommy McGinty,Johnson Edwards
colours,yellow,detthoa,,,,,,detsik,new,,,,,,
colours,green,dentlʼrun,,,Tommy McGinty and Johnson Edwards (Selkirk Indian Language Noun Dictionary 1977),make note about blue and green being the same?,,dentsik,305,50,CR47,,,Tommy McGinty,Johnson Edwards
colours,blue,dentlʼrun,,,Tommy McGinty and Johnson Edwards (Selkirk Indian Language Noun Dictionary 1977),,,detʼaw,307,50,CR47,,,Tommy McGinty,Johnson Edwards
colours,green,denintlʼrun,,,Tommy McGinty and Johnson Edwards (Selkirk Indian Language Noun Dictionary 1977),,,degay,308,50,CR47,,,Tommy McGinty,Johnson Edwards
colours,blue,denintlʼrun,,,Tommy McGinty and Johnson Edwards (Selkirk Indian Language Noun Dictionary 1977),,,dekʼaw,309,50,CR47,,,Tommy McGinty,Johnson Edwards
colours,grey,detsʼa,,,Tommy McGinty and Johnson Edwards (Selkirk Indian Language Noun Dictionary 1977),,,dembia,310,50,CR48,see6,,Tommy McGinty,Johnson Edwards
colours,grey,detsʼaat,,,Tommy McGinty and Johnson Edwards (Selkirk Indian Language Noun Dictionary 1977),,,nedenakráʼ,311,50,CR48,see6,,Tommy McGinty,Johnson Edwards
colours,light grey,ukádegay,,,Tommy McGinty and Johnson Edwards (Selkirk Indian Language Noun Dictionary 1977),CR with ʼgreyʼ?,,ukʼóhonétsin,312,50,,see6,,Tommy McGinty,Johnson Edwards
colours,pink,detsik,,,Tommy McGinty and Johnson Edwards (Selkirk Indian Language Noun Dictionary 1977),,,nedenetsʼat,313,50,CR49,,,Tommy McGinty,Johnson Edwards
colours,red,detʼaw,,,Tommy McGinty and Johnson Edwards (Selkirk Indian Language Noun Dictionary 1977),,,łyóʼ tthʼéʼ,#REF!,50,,,,Tommy McGinty,Johnson Edwards
colours,white,degay,,,Tommy McGinty and Johnson Edwards (Selkirk Indian Language Noun Dictionary 1977),,,dechan yúnthéʼ cho,315,50,CR50,,,Tommy McGinty,Johnson Edwards
colours,white,dekʼaw,,,Tommy McGinty and Johnson Edwards (Selkirk Indian Language Noun Dictionary 1977),,,sra tthʼéʼ,316,50,CR50,,,Tommy McGinty,Johnson Edwards
colours,off-white,dembia,,,Tommy McGinty and Johnson Edwards (Selkirk Indian Language Noun Dictionary 1977),CR with ʼwhiteʼ?,,náwʼ tthʼéʼ,317,50,,,,Tommy McGinty,Johnson Edwards
colours,mixed colours in a check pattern,nedenakráʼ,,,Tommy McGinty and Johnson Edwards (Selkirk Indian Language Noun Dictionary 1977),,,tthʼéʼ delrúnʼ,318,50,,,,Tommy McGinty,Johnson Edwards
colours,mixed colours,ukʼóhonétsin,,,Tommy McGinty and Johnson Edwards (Selkirk Indian Language Noun Dictionary 1977),"CR with ""mixed colours in a check pattern""?",,tu tyan deghróʼ,319,50,,,,Tommy McGinty,Johnson Edwards
colours,striped colours,nedenetsʼat,,,Tommy McGinty and Johnson Edwards (Selkirk Indian Language Noun Dictionary 1977),,,tu yúnthéʼ,320,50,,,,Tommy McGinty,Johnson Edwards
cooking and eating utensils,baking pan,łyóʼ tthʼéʼ,,,Tommy McGinty and Johnson Edwards (Selkirk Indian Language Noun Dictionary 1977),,,tu tthʼéʼ,321,51,,,,Tommy McGinty,Johnson Edwards
cooking and eating utensils,barrel,dechän yúnthéʼ cho,,,Tommy McGinty and Johnson Edwards (Selkirk Indian Language Noun Dictionary 1977),CR with ʼdechan?ʼ,,mezan uyí edetsʼetʼáʼ,322,51,,,wood pot/bucket big,Tommy McGinty,Johnson Edwards
cooking and eating utensils,beer bottle,sra tthʼéʼ,,,Tommy McGinty and Johnson Edwards (Selkirk Indian Language Noun Dictionary 1977),,,tu tyan,323,51,CR51,,,Tommy McGinty,Johnson Edwards
cooking and eating utensils,beer bottle,náwʼ tthʼéʼ,,,Tommy McGinty and Johnson Edwards (Selkirk Indian Language Noun Dictionary 1977),,,tthʼéʼ uzhát,324,51,CR51,,,Tommy McGinty,Johnson Edwards
cooking and eating utensils,bowl,tthʼéʼ delrúnʼ,,,Tommy McGinty and Johnson Edwards (Selkirk Indian Language Noun Dictionary 1977),,,kʼetsʼetsaw tthʼéʼ,325,51,CR52,,,Tommy McGinty,Johnson Edwards
cooking and eating utensils,bowl,chuchän deghróʼ,,,Tommy McGinty and Johnson Edwards (Selkirk Indian Language Noun Dictionary 1977),,,mezan gok,326,51,CR52,,,Tommy McGinty,Johnson Edwards
cooking and eating utensils,bucket,chu yúnthéʼ,,,Tommy McGinty and Johnson Edwards (Selkirk Indian Language Noun Dictionary 1977),,,mezan goa,327,51,CR53,,,Tommy McGinty,Johnson Edwards
cooking and eating utensils,bucket,chu tthʼéʼ,,,Tommy McGinty and Johnson Edwards (Selkirk Indian Language Noun Dictionary 1977),,,mezan gok cho,328,51,CR53,,,Tommy McGinty,Johnson Edwards
cooking and eating utensils,can opener,mezan uyí edetsʼetʼáʼ,,,Tommy McGinty and Johnson Edwards (Selkirk Indian Language Noun Dictionary 1977),,,kágáánʼ,329,51,,,metal with(?) open(?),Tommy McGinty,Johnson Edwards
cooking and eating utensils,cup ,chuchän,,,Tommy McGinty and Johnson Edwards (Selkirk Indian Language Noun Dictionary 1977),"CR with ""bowl""?",,mbra,330,51,,,,Tommy McGinty,Johnson Edwards
cooking and eating utensils,dish pan ,tthʼéʼ uzhát,,,Tommy McGinty and Johnson Edwards (Selkirk Indian Language Noun Dictionary 1977),,,uzhí netsʼekwan mbrá,331,51,CR54,,,Tommy McGinty,Johnson Edwards
cooking and eating utensils,dish pan ,kʼetsʼetsaw tthʼéʼ,,,Tommy McGinty and Johnson Edwards (Selkirk Indian Language Noun Dictionary 1977),,,tthʼéʼ uchíʼ húnlin,332,51,CR54,,,Tommy McGinty,Johnson Edwards
cooking and eating utensils,fork (metal),mezan gok,,,Tommy McGinty and Johnson Edwards (Selkirk Indian Language Noun Dictionary 1977),,,tthʼéʼ uchíʼ húnlin,333,51,CR55,,metal fork,Tommy McGinty,Johnson Edwards
cooking and eating utensils,fork (metal),mezan goa,,,Tommy McGinty and Johnson Edwards (Selkirk Indian Language Noun Dictionary 1977),,,tu tú tyánʼ,334,51,CR55,,metal fork,Tommy McGinty,Johnson Edwards
cooking and eating utensils,fork (metal),mezan go,,,,,,tu tú tyánʼ,,,,,,,
cooking and eating utensils,meat fork (metal),mezan gok cho,,,Tommy McGinty and Johnson Edwards (Selkirk Indian Language Noun Dictionary 1977),"CR ""fork""?",,khi tthʼéʼ,335,51,,,metal fork big,Tommy McGinty,Johnson Edwards
cooking and eating utensils,frying pan,kágą́ą́ʼ,,,Tommy McGinty and Johnson Edwards (Selkirk Indian Language Noun Dictionary 1977),,,khi dhóʼ,337,51,,,,Tommy McGinty,Johnson Edwards
cooking and eating utensils,knife,mbra,,,Tommy McGinty and Johnson Edwards (Selkirk Indian Language Noun Dictionary 1977),,,udántaan,338,51,,,,Tommy McGinty,Johnson Edwards
cooking and eating utensils,ladle,tthʼéʼ uchíʼ hų́lin,,,Tommy McGinty and Johnson Edwards (Selkirk Indian Language Noun Dictionary 1977),,,udánintaan,#REF!,51,CR56,,,Tommy McGinty,Johnson Edwards
cooking and eating utensils,dipper,tthʼéʼ uchíʼ hų́lin,,,Tommy McGinty and Johnson Edwards (Selkirk Indian Language Noun Dictionary 1977),ask speakers - delete?,,tthʼéʼ,340,51,CR56,,,Tommy McGinty,Johnson Edwards
cooking and eating utensils,ladle,chu chuchän,,,Tommy McGinty and Johnson Edwards (Selkirk Indian Language Noun Dictionary 1977),ask speakers - delete?,,tthʼéʼ,341,51,CR56,,water cup,Tommy McGinty,Johnson Edwards
cooking and eating utensils,dipper,chu chuchän,,,Tommy McGinty and Johnson Edwards (Selkirk Indian Language Noun Dictionary 1977),,,tthʼéʼ tʼaan,342,51,CR56,,water cup,Tommy McGinty,Johnson Edwards
cooking and eating utensils,lard pail ,khi tthʼéʼ,,,Tommy McGinty and Johnson Edwards (Selkirk Indian Language Noun Dictionary 1977),,,tthʼéʼ tʼaan,343,52,CR57,,,Tommy McGinty,Johnson Edwards
cooking and eating utensils,lard pail ,khi dhóʼ,,,Tommy McGinty and Johnson Edwards (Selkirk Indian Language Noun Dictionary 1977),,,kʼi tthʼéʼ,344,52,CR57,,,Tommy McGinty,Johnson Edwards
cooking and eating utensils,lid,udántaan,,,Tommy McGinty and Johnson Edwards (Selkirk Indian Language Noun Dictionary 1977),,,unthéʼ,345,52,CR58,,,Tommy McGinty,Johnson Edwards
cooking and eating utensils,lid,udánintaan,,,Tommy McGinty and Johnson Edwards (Selkirk Indian Language Noun Dictionary 1977),,,zúnthéʼ,346,52,CR58,,,Tommy McGinty,Johnson Edwards
cooking and eating utensils,plate,tthʼéʼ,,,Tommy McGinty and Johnson Edwards (Selkirk Indian Language Noun Dictionary 1977),,,tthi zúnthéʼ,347,52,CR59,,,Tommy McGinty,Johnson Edwards
cooking and eating utensils,plate,tthʼéʼ tʼaan,,,Tommy McGinty and Johnson Edwards (Selkirk Indian Language Noun Dictionary 1977),,,mezan tthi yúnthéʼ,#REF!,52,CR59,,,Tommy McGinty,Johnson Edwards
cooking and eating utensils,birch-bark dish ,kʼi tthʼéʼ,,,Tommy McGinty and Johnson Edwards (Selkirk Indian Language Noun Dictionary 1977),,,tthetsáánʼ yúnthéʼ,#REF!,52,,,,Tommy McGinty,Johnson Edwards
cooking and eating utensils,pot,unthéʼ,,,Tommy McGinty and Johnson Edwards (Selkirk Indian Language Noun Dictionary 1977),,pot,tthetsáánʼ zúnthéʼ,350,52,CR60,,,Tommy McGinty,Johnson Edwards
cooking and eating utensils,pot,zúnthéʼ,,,Tommy McGinty and Johnson Edwards (Selkirk Indian Language Noun Dictionary 1977),,pot,únthé chíʼ,351,52,CR60,,,Tommy McGinty,Johnson Edwards
cooking and eating utensils,cast-iron pot,tthi zúnthéʼ,,,Tommy McGinty and Johnson Edwards (Selkirk Indian Language Noun Dictionary 1977),,pot,únthé dégáwʼ,352,52,CR61,,,Tommy McGinty,Johnson Edwards
cooking and eating utensils,cast-iron pot,mezan tthi yúnthéʼ,,,Tommy McGinty and Johnson Edwards (Selkirk Indian Language Noun Dictionary 1977),,pot,zúnthéʼ syáʼ,353,52,CR61,,,Tommy McGinty,Johnson Edwards
cooking and eating utensils,copper pot,tthetsáánʼ yúnthéʼ,,,Tommy McGinty and Johnson Edwards (Selkirk Indian Language Noun Dictionary 1977),,pot,zúnthéʼ zyáʼ,354,52,CR62,,,Tommy McGinty,Johnson Edwards
cooking and eating utensils,copper pot,tthetsáánʼ zúnthéʼ,,,Tommy McGinty and Johnson Edwards (Selkirk Indian Language Noun Dictionary 1977),,pot,únthé jáwʼ,355,52,CR62,,,Tommy McGinty,Johnson Edwards
cooking and eating utensils,pot handle,únthé chíʼ,,,Tommy McGinty and Johnson Edwards (Selkirk Indian Language Noun Dictionary 1977),,pot,jok,356,52,CR63,,,Tommy McGinty,Johnson Edwards
cooking and eating utensils,pot handle,únthé dégáwʼ,,,Tommy McGinty and Johnson Edwards (Selkirk Indian Language Noun Dictionary 1977),,pot,etthán jáwʼ,357,52,CR63,,,Tommy McGinty,Johnson Edwards
cooking and eating utensils,pot holder,zúnthéʼ syáʼ,,,Tommy McGinty and Johnson Edwards (Selkirk Indian Language Noun Dictionary 1977),,pot,dechan delrúnʼ,358,52,CR64,,,Tommy McGinty,Johnson Edwards
cooking and eating utensils,pot holder,zúnthéʼ zyáʼ,,,Tommy McGinty and Johnson Edwards (Selkirk Indian Language Noun Dictionary 1977),,pot,tthʼéʼ datʼana,359,52,CR64,,,Tommy McGinty,Johnson Edwards
cooking and eating utensils,pot holder (straight stick),únthé jáwʼ,,,Tommy McGinty and Johnson Edwards (Selkirk Indian Language Noun Dictionary 1977),,pot,tu tyan ketlʼaak,360,52,CR64,,,Tommy McGinty,Johnson Edwards
cooking and eating utensils,roasting stick,jok,,,Tommy McGinty and Johnson Edwards (Selkirk Indian Language Noun Dictionary 1977),,,tsʼáʼ,361,52,CR65,,,Tommy McGinty,Johnson Edwards
cooking and eating utensils,roasting stick,etthän jáwʼ,,,Tommy McGinty and Johnson Edwards (Selkirk Indian Language Noun Dictionary 1977),,,mbak díʼ tsʼáʼ,362,52,CR65,,meat poke (lit. meat pokey stick),Tommy McGinty,Johnson Edwards
cooking and eating utensils,rolling pin,dechän delrúnʼ,,,Tommy McGinty and Johnson Edwards (Selkirk Indian Language Noun Dictionary 1977),,,ledyát tyan,363,52,,,,Tommy McGinty,Johnson Edwards
cooking and eating utensils,saucer,tthʼéʼ datʼana,,,Tommy McGinty and Johnson Edwards (Selkirk Indian Language Noun Dictionary 1977),,,ledyát zúnthé,364,52,CR66,,,Tommy McGinty,Johnson Edwards
cooking and eating utensils,saucer,chuchän ketlʼaak,,,Tommy McGinty and Johnson Edwards (Selkirk Indian Language Noun Dictionary 1977),,,mezan tyan,365,52,CR66,,,Tommy McGinty,Johnson Edwards
cooking and eating utensils,spoon,tsʼáʼ,,,Tommy McGinty and Johnson Edwards (Selkirk Indian Language Noun Dictionary 1977),,,mezan zúnthéʼ,366,52,CR67,,,Tommy McGinty,Johnson Edwards
cooking and eating utensils,sheep-horn spoon,mbak díʼ tsʼáʼ,,,Tommy McGinty and Johnson Edwards (Selkirk Indian Language Noun Dictionary 1977),,,dan uyétsák déchánʼ,367,52,CR67,,sheep horn spoon,Tommy McGinty,Johnson Edwards
cooking and eating utensils,tea pot,ledyátchän,,,Tommy McGinty and Johnson Edwards (Selkirk Indian Language Noun Dictionary 1977),,pot,dan ghúʼ detak netsʼegyat,368,53,CR68,,tea container,Tommy McGinty,Johnson Edwards
cooking and eating utensils,tea pot,ledyát zúnthé,,,Tommy McGinty and Johnson Edwards (Selkirk Indian Language Noun Dictionary 1977),,pot,tthe lyóʼ,369,53,CR68,,tea pot,Tommy McGinty,Johnson Edwards
cooking and eating utensils,tin can ,mezanchän,,,Tommy McGinty and Johnson Edwards (Selkirk Indian Language Noun Dictionary 1977),,,tthendru lyóʼ,370,53,CR69,,metal container,Tommy McGinty,Johnson Edwards
cooking and eating utensils,tin can ,mezan zúnthéʼ,,,Tommy McGinty and Johnson Edwards (Selkirk Indian Language Noun Dictionary 1977),,,kándlaw,371,53,CR69,,metal pot,Tommy McGinty,Johnson Edwards
cooking and eating utensils,toothpick,dän uyétsák dechän,,,Tommy McGinty and Johnson Edwards (Selkirk Indian Language Noun Dictionary 1977),person’s,,kándlo,372,53,CR70,,person u-?? stick,Tommy McGinty,Johnson Edwards
cooking and eating utensils,toothpick,dän ghúʼ detak netsʼegyat,,,Tommy McGinty and Johnson Edwards (Selkirk Indian Language Noun Dictionary 1977),person’s,,tʼróʼ,373,53,CR70,,person teeth ? ?,Tommy McGinty,Johnson Edwards
fire,ashes,tthe lyóʼ,,,Tommy McGinty and Johnson Edwards (Selkirk Indian Language Noun Dictionary 1977),"note: ""kwánʼ"" (fire) isnʼt an entry - should we add it?",,khi dékʼánʼ,374,54,CR71,,,Tommy McGinty,Johnson Edwards
fire,ashes,tthendru lyóʼ,,,Tommy McGinty and Johnson Edwards (Selkirk Indian Language Noun Dictionary 1977),,,aw hegan,375,54,CR71,,,Tommy McGinty,Johnson Edwards
fire,candle,kándlaw,,,Tommy McGinty and Johnson Edwards (Selkirk Indian Language Noun Dictionary 1977),,,kwánʼ dékʼánʼ,376,54,CR72,,borrowed from english,Tommy McGinty,Johnson Edwards
fire,candle,kándlo,,,Tommy McGinty and Johnson Edwards (Selkirk Indian Language Noun Dictionary 1977),,,nínmbáʼ łetsʼíʼ,377,54,CR72,,borrowed from english,Tommy McGinty,Johnson Edwards
fire,charcoal,tʼróʼ,,,Tommy McGinty and Johnson Edwards (Selkirk Indian Language Noun Dictionary 1977),,,yétyaak,378,54,,,,Tommy McGinty,Johnson Edwards
fire,coal oil,khi dékʼánʼ,,,Tommy McGinty and Johnson Edwards (Selkirk Indian Language Noun Dictionary 1977),,,sto dhyan yédaak,379,54,,,,Tommy McGinty,Johnson Edwards
fire,dry brush,aw hegan,,,Tommy McGinty and Johnson Edwards (Selkirk Indian Language Noun Dictionary 1977),any other specifics? Size? Use?,,kwánʼ yédaak,380,54,,,,Tommy McGinty,Johnson Edwards
fire,fire (burning),kwánʼ dékʼánʼ,,,Tommy McGinty and Johnson Edwards (Selkirk Indian Language Noun Dictionary 1977),,,kwánʼ yétyaak,381,54,,,,Tommy McGinty,Johnson Edwards
fire,fire hole,nínmbáʼ łetsʼíʼ,,,Tommy McGinty and Johnson Edwards (Selkirk Indian Language Noun Dictionary 1977),,,tso,382,54,CR73,,,Tommy McGinty,Johnson Edwards
fire,fire hole,yétyaak,,,Tommy McGinty and Johnson Edwards (Selkirk Indian Language Noun Dictionary 1977),,,tlʼya,383,54,CR73,,,Tommy McGinty,Johnson Edwards
fire,fire hole,sto dhyan yédaak,,,Tommy McGinty and Johnson Edwards (Selkirk Indian Language Noun Dictionary 1977),,,tso groa,384,54,CR73,,,Tommy McGinty,Johnson Edwards
fire,fire place,kwánʼ yédaak,,,Tommy McGinty and Johnson Edwards (Selkirk Indian Language Noun Dictionary 1977),,,tso łedenezyát,385,54,CR74,,,Tommy McGinty,Johnson Edwards
fire,fire place ,kwánʼ yétyaak,,,Tommy McGinty and Johnson Edwards (Selkirk Indian Language Noun Dictionary 1977),,,kwánʼ,386,54,CR74,,,Tommy McGinty,Johnson Edwards
fire,fire wood,tso,,,Tommy McGinty and Johnson Edwards (Selkirk Indian Language Noun Dictionary 1977),,,kʼók kwánʼ,387,54,,,,Tommy McGinty,Johnson Edwards
fire,flint,tlʼya,,,Tommy McGinty and Johnson Edwards (Selkirk Indian Language Noun Dictionary 1977),,,dechan kwánʼ,388,54,,,,Tommy McGinty,Johnson Edwards
fire,kindling wood,tso groa,,,Tommy McGinty and Johnson Edwards (Selkirk Indian Language Noun Dictionary 1977),,,kwánʼ uzhí tʼetsʼedháyʼ,389,54,CR75,,,Tommy McGinty,Johnson Edwards
fire,kindling wood,tso łedenezyát,,,Tommy McGinty and Johnson Edwards (Selkirk Indian Language Noun Dictionary 1977),,,tthyat (detʼaw),390,54,CR75,,,Tommy McGinty,Johnson Edwards
fire,matches,kwánʼ,,,Tommy McGinty and Johnson Edwards (Selkirk Indian Language Noun Dictionary 1977),,,łetsʼíʼ,391,54,CR76,,,Tommy McGinty,Johnson Edwards
fire,paper matches,kʼók kwánʼ,,,Tommy McGinty and Johnson Edwards (Selkirk Indian Language Noun Dictionary 1977),,,łetsʼiʼ lyóʼ,392,54,CR76,,,Tommy McGinty,Johnson Edwards
fire,wooden matches,dechan kwánʼ,,,Tommy McGinty and Johnson Edwards (Selkirk Indian Language Noun Dictionary 1977),,,łetsʼiʼ lyóʼ,393,54,CR76,,,Tommy McGinty,Johnson Edwards
fire,poker,kwánʼ uzhí tʼetsʼedháyʼ,,,Tommy McGinty and Johnson Edwards (Selkirk Indian Language Noun Dictionary 1977),,,kwánʼ atáwʼ,394,54,,,,Tommy McGinty,Johnson Edwards
fire,red coals,tthyat (detʼaw),,,Tommy McGinty and Johnson Edwards (Selkirk Indian Language Noun Dictionary 1977),not sure about the parentheses - should we keep it this way?,,dintthʼin,395,55,,,,Tommy McGinty,Johnson Edwards
fire,smoke,łetsʼíʼ,,,Tommy McGinty and Johnson Edwards (Selkirk Indian Language Noun Dictionary 1977),,,tso tthyáʼ,396,55,CR77,,,Tommy McGinty,Johnson Edwards
fire,smoke dust,łetsʼiʼ lyóʼ,,,Tommy McGinty and Johnson Edwards (Selkirk Indian Language Noun Dictionary 1977),,,egáʼ,397,55,CR77,,,Tommy McGinty,Johnson Edwards
fire,soot,łetsʼiʼ lyóʼ,,,Tommy McGinty and Johnson Edwards (Selkirk Indian Language Noun Dictionary 1977),,,łyok,398,55,CR77,,,Tommy McGinty,Johnson Edwards
fire,sparks,kwánʼ atáwʼ,,,Tommy McGinty and Johnson Edwards (Selkirk Indian Language Noun Dictionary 1977),,,łyok kʼúnʼ,399,55,,,,Tommy McGinty,Johnson Edwards
fire,tree brush used to start fire,dintthʼin,,,Tommy McGinty and Johnson Edwards (Selkirk Indian Language Noun Dictionary 1977),,,łyok tʼéʼ,400,55,,,,Tommy McGinty,Johnson Edwards
fire,wood chips,tso tthyáʼ,,,Tommy McGinty and Johnson Edwards (Selkirk Indian Language Noun Dictionary 1977),,,łyok tʼrúʼ,401,55,,,,Tommy McGinty,Johnson Edwards
fire,wood shavings,egáʼ,,,Tommy McGinty and Johnson Edwards (Selkirk Indian Language Noun Dictionary 1977),,,łyok tlʼrúʼ,402,55,,,,Tommy McGinty,Johnson Edwards
fish,fish (any) ,łyok,,,Tommy McGinty and Johnson Edwards (Selkirk Indian Language Noun Dictionary 1977),,fish body parts,thíʼ,403,56,,,,Tommy McGinty,Johnson Edwards
fish,fish eggs,łyok kʼúnʼ,,,Tommy McGinty and Johnson Edwards (Selkirk Indian Language Noun Dictionary 1977),,fish body parts,tettháʼ,404,56,,,,Tommy McGinty,Johnson Edwards
fish,fish fins,łyok tʼéʼ,,,Tommy McGinty and Johnson Edwards (Selkirk Indian Language Noun Dictionary 1977),,fish body parts,tʼa,405,56,,,,Tommy McGinty,Johnson Edwards
fish,fishs scales,łyok tʼrúʼ,,,Tommy McGinty and Johnson Edwards (Selkirk Indian Language Noun Dictionary 1977),,fish body parts,sru,406,56,,,,Tommy McGinty,Johnson Edwards
fish,fish slime,łyok tlʼrúʼ,,,Tommy McGinty and Johnson Edwards (Selkirk Indian Language Noun Dictionary 1977),,fish body parts,sru,407,56,,,,Tommy McGinty,Johnson Edwards
fish,dog salmon,thíʼ,,,Tommy McGinty and Johnson Edwards (Selkirk Indian Language Noun Dictionary 1977),,fish body parts,téłi,408,56,,,,Tommy McGinty,Johnson Edwards
fish,eel,tettháʼ,,,Tommy McGinty and Johnson Edwards (Selkirk Indian Language Noun Dictionary 1977),,,táłi,409,56,,,,Tommy McGinty,Johnson Edwards
fish,grayling,tʼa,,,Tommy McGinty and Johnson Edwards (Selkirk Indian Language Noun Dictionary 1977),,,téłi,410,56,,,,Tommy McGinty,Johnson Edwards
fish,inconnu,sru,,,Tommy McGinty and Johnson Edwards (Selkirk Indian Language Noun Dictionary 1977),,,táłi,411,56,CR78,,,Tommy McGinty,Johnson Edwards
fish,coney,sru,,,Tommy McGinty and Johnson Edwards (Selkirk Indian Language Noun Dictionary 1977),,,gyo,412,56,CR78,,,Tommy McGinty,Johnson Edwards
fish,jackfish,téłi,,,Tommy McGinty and Johnson Edwards (Selkirk Indian Language Noun Dictionary 1977),,,khak,413,56,CR79,,,Tommy McGinty,Johnson Edwards
fish,jackfish,táłi,,,Tommy McGinty and Johnson Edwards (Selkirk Indian Language Noun Dictionary 1977),,,telyók,414,56,CR79,,,Tommy McGinty,Johnson Edwards
fish,pike,téłi,,,Tommy McGinty and Johnson Edwards (Selkirk Indian Language Noun Dictionary 1977),,,hutsum,415,56,CR79,,,Tommy McGinty,Johnson Edwards
fish,pike,táłi,,,,,,hudlro,416,56,CR79,,,Tommy McGinty,Johnson Edwards
fish,king salmon,gyo,,,Tommy McGinty and Johnson Edwards (Selkirk Indian Language Noun Dictionary 1977),,salmon,łyok chí ndo,417,56,,,,Tommy McGinty,Johnson Edwards
fish,male king salmon,khak,,,Tommy McGinty and Johnson Edwards (Selkirk Indian Language Noun Dictionary 1977),,salmon,uchíʼ mbra thóʼ,418,56,,,,Tommy McGinty,Johnson Edwards
fish,lingcod,telyók,,,Tommy McGinty and Johnson Edwards (Selkirk Indian Language Noun Dictionary 1977),,cod,tatsʼaat,419,56,CR80,,,Tommy McGinty,Johnson Edwards
fish,lingcod,hutsum,,,Tommy McGinty and Johnson Edwards (Selkirk Indian Language Noun Dictionary 1977),,cod,mbyaat,420,56,CR80,,,Tommy McGinty,Johnson Edwards
fish,lingcod,hudlro,,,Tommy McGinty and Johnson Edwards (Selkirk Indian Language Noun Dictionary 1977),,cod,łyok degay,421,56,CR80,,,Tommy McGinty,Johnson Edwards
fish,lingcod,łyok chí ndo,,,Tommy McGinty and Johnson Edwards (Selkirk Indian Language Noun Dictionary 1977),,cod,sakay,422,56,CR80,,,Tommy McGinty,Johnson Edwards
fish,lingcod,uchíʼ mbra thóʼ,,,Tommy McGinty and Johnson Edwards (Selkirk Indian Language Noun Dictionary 1977),,cod,shaankay,423,56,CR80,,,Tommy McGinty,Johnson Edwards
fish,sucker,tatsʼaat,,,Tommy McGinty and Johnson Edwards (Selkirk Indian Language Noun Dictionary 1977),,,legha,424,56,,,,Tommy McGinty,Johnson Edwards
fish,trout,mbyaat,,,Tommy McGinty and Johnson Edwards (Selkirk Indian Language Noun Dictionary 1977),,,tezráʼ,425,56,,,,Tommy McGinty,Johnson Edwards
fish,whitefish,łyok degay,,,Tommy McGinty and Johnson Edwards (Selkirk Indian Language Noun Dictionary 1977),,whitefish,tizráʼ,426,56,CR82,,,Tommy McGinty,Johnson Edwards
fish,sharp-nosed whitefish,sakay,,,Tommy McGinty and Johnson Edwards (Selkirk Indian Language Noun Dictionary 1977),,whitefish,tʼráánʼ,427,56,CR81,,,Tommy McGinty,Johnson Edwards
fish,sharp-nosed whitefish,shaankay,,,Tommy McGinty and Johnson Edwards (Selkirk Indian Language Noun Dictionary 1977),,whitefish,temyánʼ,428,56,CR81,,,Tommy McGinty,Johnson Edwards
fish,whitefish (spawned?) ,legha,,,Tommy McGinty and Johnson Edwards (Selkirk Indian Language Noun Dictionary 1977),"the ? is in the dic, perhaps check with speaker",whitefish,téłrúnʼ,429,57,,,,Tommy McGinty,Johnson Edwards
fish,whitefish,tezráʼ,,,Tommy McGinty and Johnson Edwards (Selkirk Indian Language Noun Dictionary 1977),,whitefish,téłrúnʼ dáláwʼ,430,57,CR82,,,Tommy McGinty,Johnson Edwards
fish,whitefish,tizráʼ,,,Tommy McGinty and Johnson Edwards (Selkirk Indian Language Noun Dictionary 1977),,whitefish,tetthíʼ,431,57,CR82,,,Tommy McGinty,Johnson Edwards
"fishing, hunting and trapping",fish hook,tʼráánʼ,,,Tommy McGinty and Johnson Edwards (Selkirk Indian Language Noun Dictionary 1977),,fishing,łyok détthʼánʼ,432,58,,,,Tommy McGinty,Johnson Edwards
"fishing, hunting and trapping",fish net ,temyánʼ,,,Tommy McGinty and Johnson Edwards (Selkirk Indian Language Noun Dictionary 1977),,fishing,sháʼ,433,58,,,,Tommy McGinty,Johnson Edwards
"fishing, hunting and trapping",floaters,téłrúnʼ,,,Tommy McGinty and Johnson Edwards (Selkirk Indian Language Noun Dictionary 1977),not sure what these are - clarify?,fishing,óʼ,434,58,CR83,,,Tommy McGinty,Johnson Edwards
"fishing, hunting and trapping",floaters,téłrúnʼ dáláwʼ,,,Tommy McGinty and Johnson Edwards (Selkirk Indian Language Noun Dictionary 1977),not sure what these are - clarify?,fishing,kʼekʼák,435,58,CR83,,,Tommy McGinty,Johnson Edwards
"fishing, hunting and trapping",sinkers,tetthíʼ,,,Tommy McGinty and Johnson Edwards (Selkirk Indian Language Noun Dictionary 1977),,fishing,tráʼ,436,58,,,,Tommy McGinty,Johnson Edwards
"fishing, hunting and trapping",fish spear,łyok détthʼánʼ,,,Tommy McGinty and Johnson Edwards (Selkirk Indian Language Noun Dictionary 1977),,fishing,trá adhóʼ,437,58,,,,Tommy McGinty,Johnson Edwards
"fishing, hunting and trapping",fish trap,sháʼ,,,Tommy McGinty and Johnson Edwards (Selkirk Indian Language Noun Dictionary 1977),,fishing,trá tthíʼ,438,58,,,,Tommy McGinty,Johnson Edwards
"fishing, hunting and trapping",fish trap (sack-like),óʼ,,,Tommy McGinty and Johnson Edwards (Selkirk Indian Language Noun Dictionary 1977),,fishing,kʼádetʼe,439,58,,,,Tommy McGinty,Johnson Edwards
"fishing, hunting and trapping",gaff hook,kʼekʼák,,,Tommy McGinty and Johnson Edwards (Selkirk Indian Language Noun Dictionary 1977),,fishing,intínʼ,440,58,,,,Tommy McGinty,Johnson Edwards
"fishing, hunting and trapping",arrow,tráʼ,,,Tommy McGinty and Johnson Edwards (Selkirk Indian Language Noun Dictionary 1977),,bow and arrow,intínʼ tlʼyáwʼ,441,58,,,,Tommy McGinty,Johnson Edwards
"fishing, hunting and trapping",arrow bag,trá adhóʼ,,,Tommy McGinty and Johnson Edwards (Selkirk Indian Language Noun Dictionary 1977),,bow and arrow,tthyaw,442,58,,,,Tommy McGinty,Johnson Edwards
"fishing, hunting and trapping",arrowhead,trá tthíʼ,,,Tommy McGinty and Johnson Edwards (Selkirk Indian Language Noun Dictionary 1977),,bow and arrow,kháʼ,443,58,,,,Tommy McGinty,Johnson Edwards
"fishing, hunting and trapping",arrow feather,kʼádetʼe,,,Tommy McGinty and Johnson Edwards (Selkirk Indian Language Noun Dictionary 1977),,bow and arrow,edíʼ kháʼ,444,58,,,,Tommy McGinty,Johnson Edwards
"fishing, hunting and trapping",bow,intínʼ,,,Tommy McGinty and Johnson Edwards (Selkirk Indian Language Noun Dictionary 1977),,bow and arrow,kʼonkʼéʼ,445,58,,,,Tommy McGinty,Johnson Edwards
"fishing, hunting and trapping",bowstring,intínʼ tlʼyáwʼ,,,Tommy McGinty and Johnson Edwards (Selkirk Indian Language Noun Dictionary 1977),,bow and arrow,kwʼankʼéʼ,446,58,,,,Tommy McGinty,Johnson Edwards
"fishing, hunting and trapping",caribou fence,tthyaw,,,Tommy McGinty and Johnson Edwards (Selkirk Indian Language Noun Dictionary 1977),,,kʼonkʼéʼ,447,58,,,,Tommy McGinty,Johnson Edwards
"fishing, hunting and trapping",club,kháʼ,,,Tommy McGinty and Johnson Edwards (Selkirk Indian Language Noun Dictionary 1977),clarify not a group of people (club),club,kwʼankʼéʼ,448,58,,,,Tommy McGinty,Johnson Edwards
"fishing, hunting and trapping",horn club ,edíʼ kháʼ,,,Tommy McGinty and Johnson Edwards (Selkirk Indian Language Noun Dictionary 1977),,club,kʼonkʼéʼ dhyáwnʼ,449,58,,,,Tommy McGinty,Johnson Edwards
"fishing, hunting and trapping",gun,kʼonkʼéʼ,,,Tommy McGinty and Johnson Edwards (Selkirk Indian Language Noun Dictionary 1977),,gun,kʼonkʼéʼ dhyan,450,58,CR84,,,Tommy McGinty,Johnson Edwards
"fishing, hunting and trapping",gun,kwʼankʼéʼ,,,Tommy McGinty and Johnson Edwards (Selkirk Indian Language Noun Dictionary 1977),,gun,kʼonkʼéʼ łegéʼ,451,58,CR84,,,Tommy McGinty,Johnson Edwards
"fishing, hunting and trapping",rifle,kʼonkʼéʼ,,,Tommy McGinty and Johnson Edwards (Selkirk Indian Language Noun Dictionary 1977),,gun,inʼéʼ,452,58,CR84,,,Tommy McGinty,Johnson Edwards
"fishing, hunting and trapping",rifle,kwʼankʼéʼ,,,Tommy McGinty and Johnson Edwards (Selkirk Indian Language Noun Dictionary 1977),,gun,shágáánʼ dégro,453,58,CR84,,,Tommy McGinty,Johnson Edwards
"fishing, hunting and trapping",barrel,kʼonkʼéʼ dhyáwnʼ,,,Tommy McGinty and Johnson Edwards (Selkirk Indian Language Noun Dictionary 1977),clarify gun barrel?,gun,kʼonkʼéʼ udhyáwn,454,58,CR85,,,Tommy McGinty,Johnson Edwards
"fishing, hunting and trapping",barrel,kʼonkʼéʼ dhyan,,,Tommy McGinty and Johnson Edwards (Selkirk Indian Language Noun Dictionary 1977),clarify gun barrel?,gun,łak echʼi,455,58,CR85,,,Tommy McGinty,Johnson Edwards
"fishing, hunting and trapping",double-barrel,kʼonkʼéʼ łegéʼ,,,Tommy McGinty and Johnson Edwards (Selkirk Indian Language Noun Dictionary 1977),clarify gun barrel?,gun,kʼonkʼéʼ tthíʼ,456,59,CR86,,,Tommy McGinty,Johnson Edwards
"fishing, hunting and trapping",double-barrel,inʼéʼ,,,Tommy McGinty and Johnson Edwards (Selkirk Indian Language Noun Dictionary 1977),clarify gun barrel?,gun,kʼonkʼéʼ kwánʼ,457,59,CR86,,,Tommy McGinty,Johnson Edwards
"fishing, hunting and trapping",double-barrel,shágáánʼ dégro,,,Tommy McGinty and Johnson Edwards (Selkirk Indian Language Noun Dictionary 1977),clarify gun barrel?,gun,kʼonkʼéʼ túkíʼ,458,59,CR86,,,Tommy McGinty,Johnson Edwards
"fishing, hunting and trapping",single-barrel,kʼonkʼéʼ udhyáwn,,,Tommy McGinty and Johnson Edwards (Selkirk Indian Language Noun Dictionary 1977),clarify gun barrel?,gun, kʼonkʼéʼ tínʼ,459,59,CR87,,,Tommy McGinty,Johnson Edwards
"fishing, hunting and trapping",single-barrel,łak echʼi,,,Tommy McGinty and Johnson Edwards (Selkirk Indian Language Noun Dictionary 1977),,gun,kʼonkʼéʼ dzák,460,59,CR87,,,Tommy McGinty,Johnson Edwards
"fishing, hunting and trapping",bullets,kʼonkʼéʼ tthíʼ,,,Tommy McGinty and Johnson Edwards (Selkirk Indian Language Noun Dictionary 1977),,gun,kʼonkʼéʼ zra,461,59,,,,Tommy McGinty,Johnson Edwards
"fishing, hunting and trapping",gunpowder,kʼonkʼéʼ kwánʼ,,,Tommy McGinty and Johnson Edwards (Selkirk Indian Language Noun Dictionary 1977),,gun,shágáánʼ,462,59,,,,Tommy McGinty,Johnson Edwards
"fishing, hunting and trapping",gun sight,kʼonkʼéʼ túkíʼ,,,Tommy McGinty and Johnson Edwards (Selkirk Indian Language Noun Dictionary 1977),,gun,kʼonkʼéʼ tʼetsʼadandi,463,59,,,,Tommy McGinty,Johnson Edwards
"fishing, hunting and trapping",gun stock,kʼonkʼéʼ tínʼ,,,Tommy McGinty and Johnson Edwards (Selkirk Indian Language Noun Dictionary 1977),,gun,khya,464,59,,,,Tommy McGinty,Johnson Edwards
"fishing, hunting and trapping",hammer,kʼonkʼéʼ dzák,,,Tommy McGinty and Johnson Edwards (Selkirk Indian Language Noun Dictionary 1977),clarify related to guns?,gun,eka,465,59,,,,Tommy McGinty,Johnson Edwards
"fishing, hunting and trapping",pistol,kʼonkʼéʼ zra,,,Tommy McGinty and Johnson Edwards (Selkirk Indian Language Noun Dictionary 1977),,gun,nákʼyáʼ,466,59,,,,Tommy McGinty,Johnson Edwards
"fishing, hunting and trapping",shotgun,shágáánʼ,,,Tommy McGinty and Johnson Edwards (Selkirk Indian Language Noun Dictionary 1977),,gun,khyá tan,467,59,,,,Tommy McGinty,Johnson Edwards
"fishing, hunting and trapping",trigger,kʼonkʼéʼ tʼetsʼadandi,,,Tommy McGinty and Johnson Edwards (Selkirk Indian Language Noun Dictionary 1977),,gun,tso dzák,468,59,,,,Tommy McGinty,Johnson Edwards
"fishing, hunting and trapping",pack (sack) ,khya,,,Tommy McGinty and Johnson Edwards (Selkirk Indian Language Noun Dictionary 1977),,,echekʼeyíʼ,469,59,,,,Tommy McGinty,Johnson Edwards
"fishing, hunting and trapping",skin stretcher,eka,,,Tommy McGinty and Johnson Edwards (Selkirk Indian Language Noun Dictionary 1977),,tanning,mekedro,470,59,,,,Tommy McGinty,Johnson Edwards
"fishing, hunting and trapping",game look-out,nákʼyáʼ,,,Tommy McGinty and Johnson Edwards (Selkirk Indian Language Noun Dictionary 1977),,,sra,471,59,,,,Tommy McGinty,Johnson Edwards
"fishing, hunting and trapping",trapline,khyá tan,,,Tommy McGinty and Johnson Edwards (Selkirk Indian Language Noun Dictionary 1977),,,łyóʼ tʼyóʼ,472,59,,,,Tommy McGinty,Johnson Edwards
"foods, beverages, tobacco, medicine",apples (dried),tso dzák,,,Tommy McGinty and Johnson Edwards (Selkirk Indian Language Noun Dictionary 1977),,,łétʼyóʼ,473,60,,,,Tommy McGinty,Johnson Edwards
"foods, beverages, tobacco, medicine",back grease,echekʼeyíʼ,,,Tommy McGinty and Johnson Edwards (Selkirk Indian Language Noun Dictionary 1977),,meat,łétʼyóʼ dan,474,60,,,,Tommy McGinty,Johnson Edwards
"foods, beverages, tobacco, medicine",baking powder,mekedro,,,Tommy McGinty and Johnson Edwards (Selkirk Indian Language Noun Dictionary 1977),,,khi dettho,475,60,,,,Tommy McGinty,Johnson Edwards
"foods, beverages, tobacco, medicine",beer,sra,,,Tommy McGinty and Johnson Edwards (Selkirk Indian Language Noun Dictionary 1977),,,métlʼáát,476,60,,,,Tommy McGinty,Johnson Edwards
"foods, beverages, tobacco, medicine",bread,łyóʼ tʼyóʼ,,,Tommy McGinty and Johnson Edwards (Selkirk Indian Language Noun Dictionary 1977),,bread,dzíʼ tsʼaʼáʼ,477,60,CR88,,,Tommy McGinty,Johnson Edwards
"foods, beverages, tobacco, medicine",bread,łétʼyóʼ,,,Tommy McGinty and Johnson Edwards (Selkirk Indian Language Noun Dictionary 1977),,bread,kʼotʼyan dzíʼ,478,60,CR88,,,Tommy McGinty,Johnson Edwards
"foods, beverages, tobacco, medicine",bread in loaf,łétʼyóʼ dan,,,Tommy McGinty and Johnson Edwards (Selkirk Indian Language Noun Dictionary 1977),,bread,łat,479,60,,,,Tommy McGinty,Johnson Edwards
"foods, beverages, tobacco, medicine",butter,khi dettho,,,Tommy McGinty and Johnson Edwards (Selkirk Indian Language Noun Dictionary 1977),,,łat tsʼedétthʼúnʼ,480,60,,,,Tommy McGinty,Johnson Edwards
"foods, beverages, tobacco, medicine",chew made from fungus ashes,métlʼáát,,,Tommy McGinty and Johnson Edwards (Selkirk Indian Language Noun Dictionary 1977),,,łyóʼ gan zra,481,60,,,,Tommy McGinty,Johnson Edwards
"foods, beverages, tobacco, medicine",chewing gum,dzíʼ tsʼaʼáʼ,,,Tommy McGinty and Johnson Edwards (Selkirk Indian Language Noun Dictionary 1977),,,tʼók,482,60,CR89,,,Tommy McGinty,Johnson Edwards
"foods, beverages, tobacco, medicine",chewing gum,kʼotʼyan dzíʼ,,,Tommy McGinty and Johnson Edwards (Selkirk Indian Language Noun Dictionary 1977),,,máʼ,483,60,CR89,,,Tommy McGinty,Johnson Edwards
"foods, beverages, tobacco, medicine",chewing tobacco,łat,,,Tommy McGinty and Johnson Edwards (Selkirk Indian Language Noun Dictionary 1977),,,łyóʼ gan,484,60,,,,Tommy McGinty,Johnson Edwards
"foods, beverages, tobacco, medicine",cigarette,łat tsʼedétthʼúnʼ,,,Tommy McGinty and Johnson Edwards (Selkirk Indian Language Noun Dictionary 1977),,,ekʼe,485,60,,,,Tommy McGinty,Johnson Edwards
"foods, beverages, tobacco, medicine",cookies,łyóʼ gan zra,,,Tommy McGinty and Johnson Edwards (Selkirk Indian Language Noun Dictionary 1977),,,łyok,486,60,,,,Tommy McGinty,Johnson Edwards
"foods, beverages, tobacco, medicine",cow milk,tʼók,,,Tommy McGinty and Johnson Edwards (Selkirk Indian Language Noun Dictionary 1977),,,łyok hecháʼ,487,60,CR90,,,Tommy McGinty,Johnson Edwards
"foods, beverages, tobacco, medicine",cow milk,máʼ,,,Tommy McGinty and Johnson Edwards (Selkirk Indian Language Noun Dictionary 1977),,,łyok gan,488,60,CR90,,,Tommy McGinty,Johnson Edwards
"foods, beverages, tobacco, medicine",crackers,łyóʼ gan,,,Tommy McGinty and Johnson Edwards (Selkirk Indian Language Noun Dictionary 1977),,,łyok nenetthák,489,60,,,,Tommy McGinty,Johnson Edwards
"foods, beverages, tobacco, medicine",fat for tallow,ekʼe,,,Tommy McGinty and Johnson Edwards (Selkirk Indian Language Noun Dictionary 1977),,,łyóʼ ,490,60,,,,Tommy McGinty,Johnson Edwards
"foods, beverages, tobacco, medicine",fish,łyok,,,Tommy McGinty and Johnson Edwards (Selkirk Indian Language Noun Dictionary 1977),entry also on page 56 - letʼs delete one?,,mbat,491,60,,,,Tommy McGinty,Johnson Edwards
"foods, beverages, tobacco, medicine",boiled fish,łyok hecháʼ,,,Tommy McGinty and Johnson Edwards (Selkirk Indian Language Noun Dictionary 1977),,,łyóʼ tlro,492,60,,,,Tommy McGinty,Johnson Edwards
"foods, beverages, tobacco, medicine",dry fish,łyok gan,,,Tommy McGinty and Johnson Edwards (Selkirk Indian Language Noun Dictionary 1977),,,etthán túʼ,493,60,,,,Tommy McGinty,Johnson Edwards
"foods, beverages, tobacco, medicine",fish strips,łyok nenetthák,,,Tommy McGinty and Johnson Edwards (Selkirk Indian Language Noun Dictionary 1977),,,khi,494,61,,,,Tommy McGinty,Johnson Edwards
"foods, beverages, tobacco, medicine",flour,łyóʼ ,,,Tommy McGinty and Johnson Edwards (Selkirk Indian Language Noun Dictionary 1977),,,tthʼan yíʼ,495,61,,,,Tommy McGinty,Johnson Edwards
"foods, beverages, tobacco, medicine",food (any) ,mbat,,,Tommy McGinty and Johnson Edwards (Selkirk Indian Language Noun Dictionary 1977),,,dedzyan tsáánʼ,496,61,,,,Tommy McGinty,Johnson Edwards
"foods, beverages, tobacco, medicine",gravy (flour),łyóʼ tlro,,,Tommy McGinty and Johnson Edwards (Selkirk Indian Language Noun Dictionary 1977),,,dedzyan tsénʼ,497,61,,,,Tommy McGinty,Johnson Edwards
"foods, beverages, tobacco, medicine",gravy (meat),etthán túʼ,,,Tommy McGinty and Johnson Edwards (Selkirk Indian Language Noun Dictionary 1977),,,ttha,498,61,,,,Tommy McGinty,Johnson Edwards
"foods, beverages, tobacco, medicine",grease,khi,,,Tommy McGinty and Johnson Edwards (Selkirk Indian Language Noun Dictionary 1977),"""see"" with back grease?",,etʼró kʼeyíʼ,499,61,,,,Tommy McGinty,Johnson Edwards
"foods, beverages, tobacco, medicine",bone grease,tthánʼ yíʼ,,,Tommy McGinty and Johnson Edwards (Selkirk Indian Language Noun Dictionary 1977),"""see"" with back grease?",,ezhak,500,61,,,,Tommy McGinty,Johnson Edwards
"foods, beverages, tobacco, medicine",honey,dedzyan tsáánʼ,,,Tommy McGinty and Johnson Edwards (Selkirk Indian Language Noun Dictionary 1977),,,ezhak yíʼ,501,61,CR91,,,Tommy McGinty,Johnson Edwards
"foods, beverages, tobacco, medicine",honey,dedzyan tsénʼ,,,Tommy McGinty and Johnson Edwards (Selkirk Indian Language Noun Dictionary 1977),,,etthánʼ,502,61,CR91,,,Tommy McGinty,Johnson Edwards
"foods, beverages, tobacco, medicine",Indian 'carrot',ttha,,,Tommy McGinty and Johnson Edwards (Selkirk Indian Language Noun Dictionary 1977),Is there another English word for this?,,etthánʼ gan,503,61,,,,Tommy McGinty,Johnson Edwards
"foods, beverages, tobacco, medicine",kidney fat,etʼró kʼeyíʼ,,,Tommy McGinty and Johnson Edwards (Selkirk Indian Language Noun Dictionary 1977),,,etsúnʼ,504,61,,,,Tommy McGinty,Johnson Edwards
"foods, beverages, tobacco, medicine",marrow,ezhak,,,Tommy McGinty and Johnson Edwards (Selkirk Indian Language Noun Dictionary 1977),,,etthánʼ intʼyóʼ,505,61,,,,Tommy McGinty,Johnson Edwards
"foods, beverages, tobacco, medicine",marrow fat,ezhak yíʼ,,,Tommy McGinty and Johnson Edwards (Selkirk Indian Language Noun Dictionary 1977),,,etthánʼ intro,506,61,,,,Tommy McGinty,Johnson Edwards
"foods, beverages, tobacco, medicine",meat,etthánʼ,,,Tommy McGinty and Johnson Edwards (Selkirk Indian Language Noun Dictionary 1977),,meat,łetsʼíʼ yétthánʼ,507,61,,,,Tommy McGinty,Johnson Edwards
"foods, beverages, tobacco, medicine",dry meat,etthánʼ gan,,,Tommy McGinty and Johnson Edwards (Selkirk Indian Language Noun Dictionary 1977),,meat,etthánʼ łatʼaw,508,61,,,,Tommy McGinty,Johnson Edwards
"foods, beverages, tobacco, medicine",pounded meat,etsúnʼ,,,Tommy McGinty and Johnson Edwards (Selkirk Indian Language Noun Dictionary 1977),,meat,etthánʼ dedlat,509,61,,,,Tommy McGinty,Johnson Edwards
"foods, beverages, tobacco, medicine",fried meat,etthánʼ intʼyóʼ,,,Tommy McGinty and Johnson Edwards (Selkirk Indian Language Noun Dictionary 1977),,meat,eyuntthánʼ,510,61,,,,Tommy McGinty,Johnson Edwards
"foods, beverages, tobacco, medicine",boiled meat,etthánʼ intro,,,Tommy McGinty and Johnson Edwards (Selkirk Indian Language Noun Dictionary 1977),,meat,ekʼadatat,511,61,,,,Tommy McGinty,Johnson Edwards
"foods, beverages, tobacco, medicine",smoked meat,łetsʼíʼ yétthánʼ,,,Tommy McGinty and Johnson Edwards (Selkirk Indian Language Noun Dictionary 1977),,meat,echáán tthánʼ,512,61,,,,Tommy McGinty,Johnson Edwards
"foods, beverages, tobacco, medicine",raw meat,etthánʼ łatʼaw,,,Tommy McGinty and Johnson Edwards (Selkirk Indian Language Noun Dictionary 1977),,meat,tsʼúndíʼ,513,61,,,,Tommy McGinty,Johnson Edwards
"foods, beverages, tobacco, medicine",half-raw meat,etthánʼ dedlat,,,Tommy McGinty and Johnson Edwards (Selkirk Indian Language Noun Dictionary 1977),,meat,dan tthíʼ tsʼúndíʼ,514,61,,,,Tommy McGinty,Johnson Edwards
"foods, beverages, tobacco, medicine",brisket meat,eyuntthánʼ,,,Tommy McGinty and Johnson Edwards (Selkirk Indian Language Noun Dictionary 1977),,meat,deko tsʼúndíʼ,515,61,,,,Tommy McGinty,Johnson Edwards
"foods, beverages, tobacco, medicine",shoulder meat,ekʼadatat,,,Tommy McGinty and Johnson Edwards (Selkirk Indian Language Noun Dictionary 1977),,meat,tsʼúndíʼ dan ka,516,61,,,,Tommy McGinty,Johnson Edwards
"foods, beverages, tobacco, medicine",rib meat,echáán tthánʼ,,,Tommy McGinty and Johnson Edwards (Selkirk Indian Language Noun Dictionary 1977),,meat,hetsʼedi denintlʼrun,517,61,,,,Tommy McGinty,Johnson Edwards
"foods, beverages, tobacco, medicine",medicine,tsʼúndíʼ,,,Tommy McGinty and Johnson Edwards (Selkirk Indian Language Noun Dictionary 1977),,medicine,dan mbát tʼáʼ tsʼúndí,518,62,,,,Tommy McGinty,Johnson Edwards
"foods, beverages, tobacco, medicine",aspirin,dan tthíʼ tsʼúndíʼ,,,Tommy McGinty and Johnson Edwards (Selkirk Indian Language Noun Dictionary 1977),person’s ?,medicine,dan dzechín tsʼúndíʼ,519,62,,,,Tommy McGinty,Johnson Edwards
"foods, beverages, tobacco, medicine",cough medicine,deko tsʼúndíʼ,,,Tommy McGinty and Johnson Edwards (Selkirk Indian Language Noun Dictionary 1977),,medicine,kʼánʼ túʼ,520,62,,,,Tommy McGinty,Johnson Edwards
"foods, beverages, tobacco, medicine",linament,tsʼúndíʼ dan ka,,,Tommy McGinty and Johnson Edwards (Selkirk Indian Language Noun Dictionary 1977),,medicine,echáándhák,521,62,,,,Tommy McGinty,Johnson Edwards
"foods, beverages, tobacco, medicine",linament,hetsʼedi denintlʼrun,,,Tommy McGinty and Johnson Edwards (Selkirk Indian Language Noun Dictionary 1977),,medicine,pédo,522,62,,,,Tommy McGinty,Johnson Edwards
"foods, beverages, tobacco, medicine",stomach medicine,dan mbát tʼáʼ tsʼúndí,,,Tommy McGinty and Johnson Edwards (Selkirk Indian Language Noun Dictionary 1977),person’s ?,medicine,pándo,523,62,,,,Tommy McGinty,Johnson Edwards
"foods, beverages, tobacco, medicine",Vicks,dan dzechín tsʼúndíʼ,,,Tommy McGinty and Johnson Edwards (Selkirk Indian Language Noun Dictionary 1977),person’s ?,medicine,jak cho gan,524,62,,,,Tommy McGinty,Johnson Edwards
"foods, beverages, tobacco, medicine",molasses,kʼánʼ túʼ,,,Tommy McGinty and Johnson Edwards (Selkirk Indian Language Noun Dictionary 1977),,,jak gan zra,525,62,,,,Tommy McGinty,Johnson Edwards
"foods, beverages, tobacco, medicine",moose rib meat (dry),echáándhák,,,Tommy McGinty and Johnson Edwards (Selkirk Indian Language Noun Dictionary 1977),,meat,ráyʼ,526,62,,,,Tommy McGinty,Johnson Edwards
"foods, beverages, tobacco, medicine",potatoes,pédo,,,Tommy McGinty and Johnson Edwards (Selkirk Indian Language Noun Dictionary 1977),,,tlʼóléʼ,527,62,CR92,,,Tommy McGinty,Johnson Edwards
"foods, beverages, tobacco, medicine",potatoes,pándo,,,Tommy McGinty and Johnson Edwards (Selkirk Indian Language Noun Dictionary 1977),,,lesyáʼ,528,62,CR92,,,Tommy McGinty,Johnson Edwards
"foods, beverages, tobacco, medicine",prunes,jak cho gan,,,Tommy McGinty and Johnson Edwards (Selkirk Indian Language Noun Dictionary 1977),,,tsʼetsan,529,62,,,,Tommy McGinty,Johnson Edwards
"foods, beverages, tobacco, medicine",raisins,jak gan zra,,,Tommy McGinty and Johnson Edwards (Selkirk Indian Language Noun Dictionary 1977),,,tadhaw,530,62,,,,Tommy McGinty,Johnson Edwards
"foods, beverages, tobacco, medicine",rice,ráyʼ,,,Tommy McGinty and Johnson Edwards (Selkirk Indian Language Noun Dictionary 1977),,,tthʼan tadhaw,531,62,CR93,,,Tommy McGinty,Johnson Edwards
"foods, beverages, tobacco, medicine",rice,tlʼóléʼ,,,Tommy McGinty and Johnson Edwards (Selkirk Indian Language Noun Dictionary 1977),,,sáwga,532,62,CR93,,,Tommy McGinty,Johnson Edwards
"foods, beverages, tobacco, medicine",salt,lesyáʼ,,,Tommy McGinty and Johnson Edwards (Selkirk Indian Language Noun Dictionary 1977),,,syáwa,533,62,,,,Tommy McGinty,Johnson Edwards
"foods, beverages, tobacco, medicine",snuff,tsʼetsan,,,Tommy McGinty and Johnson Edwards (Selkirk Indian Language Noun Dictionary 1977),,,łekan tsʼaʼaʼ,534,62,,,,Tommy McGinty,Johnson Edwards
"foods, beverages, tobacco, medicine",soup,tadhaw,,,Tommy McGinty and Johnson Edwards (Selkirk Indian Language Noun Dictionary 1977),,,kʼi túʼ,535,62,,,,Tommy McGinty,Johnson Edwards
"foods, beverages, tobacco, medicine",bone soup,tthánʼ tadhaw,,,Tommy McGinty and Johnson Edwards (Selkirk Indian Language Noun Dictionary 1977),,,ledyát,536,62,,,,Tommy McGinty,Johnson Edwards
"foods, beverages, tobacco, medicine",sugar,sáwga,,,Tommy McGinty and Johnson Edwards (Selkirk Indian Language Noun Dictionary 1977),,,kwánʼ túʼ,537,62,CR94,,,Tommy McGinty,Johnson Edwards
"foods, beverages, tobacco, medicine",sugar,syáwa,,,Tommy McGinty and Johnson Edwards (Selkirk Indian Language Noun Dictionary 1977),,,nóʼ,538,62,CR94,,,Tommy McGinty,Johnson Edwards
"foods, beverages, tobacco, medicine",sweets,łekan tsʼaʼaʼ,,,Tommy McGinty and Johnson Edwards (Selkirk Indian Language Noun Dictionary 1977),,,ják túʼ,539,62,,,,Tommy McGinty,Johnson Edwards
"foods, beverages, tobacco, medicine",syrup,kʼi túʼ,,,Tommy McGinty and Johnson Edwards (Selkirk Indian Language Noun Dictionary 1977),clarify tree (birch?) syrup?,,kenłan,540,62,,,,Tommy McGinty,Johnson Edwards
"foods, beverages, tobacco, medicine",tea,ledyát,,,Tommy McGinty and Johnson Edwards (Selkirk Indian Language Noun Dictionary 1977),,,kentlʼyaw,541,62,,,,Tommy McGinty,Johnson Edwards
"foods, beverages, tobacco, medicine",whiskey,kwánʼ túʼ,,,Tommy McGinty and Johnson Edwards (Selkirk Indian Language Noun Dictionary 1977),,,bébi byáát,542,62,CR95,,,Tommy McGinty,Johnson Edwards
"foods, beverages, tobacco, medicine",whiskey,nóʼ,,,Tommy McGinty and Johnson Edwards (Selkirk Indian Language Noun Dictionary 1977),,,bébi démyánʼ,543,62,CR95,,,Tommy McGinty,Johnson Edwards
"foods, beverages, tobacco, medicine",wine,ják túʼ,,,Tommy McGinty and Johnson Edwards (Selkirk Indian Language Noun Dictionary 1977),,,kéndróʼ,544,62,,,,Tommy McGinty,Johnson Edwards
household furnishings and personal belongings,babiche (large),kenłan,,,Tommy McGinty and Johnson Edwards (Selkirk Indian Language Noun Dictionary 1977),,babiche,kéndróʼ,545,63,,see7,,Tommy McGinty,Johnson Edwards
household furnishings and personal belongings,babiche (small),kentlʼyaw,,,Tommy McGinty and Johnson Edwards (Selkirk Indian Language Noun Dictionary 1977),,babiche,dakák,546,63,,see7,,Tommy McGinty,Johnson Edwards
household furnishings and personal belongings,baby crib,bébi byáát,,,Tommy McGinty and Johnson Edwards (Selkirk Indian Language Noun Dictionary 1977),,,byáát,547,63,,,,Tommy McGinty,Johnson Edwards
household furnishings and personal belongings,baby swing,bébi démyánʼ,,,Tommy McGinty and Johnson Edwards (Selkirk Indian Language Noun Dictionary 1977),,,byááda,548,63,,,,Tommy McGinty,Johnson Edwards
household furnishings and personal belongings,bag,kéndróʼ,,,Tommy McGinty and Johnson Edwards (Selkirk Indian Language Noun Dictionary 1977),,,deti kʼyáʼ,549,63,CR96,,,Tommy McGinty,Johnson Edwards
household furnishings and personal belongings,sack,kéndróʼ,,,Tommy McGinty and Johnson Edwards (Selkirk Indian Language Noun Dictionary 1977),,,tyáʼ ka hambáʼ,550,63,CR96,,,Tommy McGinty,Johnson Edwards
household furnishings and personal belongings,ball,dakák,,,Tommy McGinty and Johnson Edwards (Selkirk Indian Language Noun Dictionary 1977),,,mezan tlʼyaw nédo nedenechʼúʼ,551,63,,,,Tommy McGinty,Johnson Edwards
household furnishings and personal belongings,bed,byáát,,,Tommy McGinty and Johnson Edwards (Selkirk Indian Language Noun Dictionary 1977),,bed,déláyʼ,552,63,CR97,,,Tommy McGinty,Johnson Edwards
household furnishings and personal belongings,bed,byááda,,,Tommy McGinty and Johnson Edwards (Selkirk Indian Language Noun Dictionary 1977),,bed,nde,553,63,CR97,,,Tommy McGinty,Johnson Edwards
household furnishings and personal belongings,bed,deti kʼyáʼ,,,Tommy McGinty and Johnson Edwards (Selkirk Indian Language Noun Dictionary 1977),,bed,etʼódintʼi kʼók,554,63,CR97,,,Tommy McGinty,Johnson Edwards
household furnishings and personal belongings,bedsheets,tyáʼ ka hambáʼ,,,Tommy McGinty and Johnson Edwards (Selkirk Indian Language Noun Dictionary 1977),,bed,tsʼat,555,63,,,,Tommy McGinty,Johnson Edwards
household furnishings and personal belongings,bedsprings,mezan tlʼyaw nédo nedenechʼúʼ,,,Tommy McGinty and Johnson Edwards (Selkirk Indian Language Noun Dictionary 1977),,bed,tsʼat degay nedenetsʼát,556,63,,,,Tommy McGinty,Johnson Edwards
household furnishings and personal belongings,bell,déláyʼ,,,Tommy McGinty and Johnson Edwards (Selkirk Indian Language Noun Dictionary 1977),,,kʼok,557,63,,,,Tommy McGinty,Johnson Edwards
household furnishings and personal belongings,belongings,nde,,,Tommy McGinty and Johnson Edwards (Selkirk Indian Language Noun Dictionary 1977),,,kʼok,558,63,,,,Tommy McGinty,Johnson Edwards
household furnishings and personal belongings,Bible,etʼódintʼi kʼók,,,Tommy McGinty and Johnson Edwards (Selkirk Indian Language Noun Dictionary 1977),,,dechan tyan,559,63,,,,Tommy McGinty,Johnson Edwards
household furnishings and personal belongings,blanket,tsʼat,,,Tommy McGinty and Johnson Edwards (Selkirk Indian Language Noun Dictionary 1977),,,tlʼó dhát,560,63,,see8,,Tommy McGinty,Johnson Edwards
household furnishings and personal belongings,HBC blanket,tsʼat degay nedenetsʼát,,,Tommy McGinty and Johnson Edwards (Selkirk Indian Language Noun Dictionary 1977),"Clarify Hudson Bay Company? - ""see"" entries for colours?",,uka to tsʼedatyan,561,63,,see8,,Tommy McGinty,Johnson Edwards
household furnishings and personal belongings,book,kʼok,,,Tommy McGinty and Johnson Edwards (Selkirk Indian Language Noun Dictionary 1977),,,uzhí picture tsʼehutsi,562,63,CR98,,,Tommy McGinty,Johnson Edwards
household furnishings and personal belongings,paper,kʼok,,,Tommy McGinty and Johnson Edwards (Selkirk Indian Language Noun Dictionary 1977),,,dan yézrúnʼ nedélíʼ,563,63,CR98,,,Tommy McGinty,Johnson Edwards
household furnishings and personal belongings,box (wooden),dechan tyan,,,Tommy McGinty and Johnson Edwards (Selkirk Indian Language Noun Dictionary 1977),,,khi dékʼánʼ,564,63,,,,Tommy McGinty,Johnson Edwards
household furnishings and personal belongings,broom,tlʼó dhát,,,Tommy McGinty and Johnson Edwards (Selkirk Indian Language Noun Dictionary 1977),,,khi dékʼánʼ tlʼyáwʼ,565,63,,,,Tommy McGinty,Johnson Edwards
household furnishings and personal belongings,calendar,uka to tsʼedatyan,,,Tommy McGinty and Johnson Edwards (Selkirk Indian Language Noun Dictionary 1977),,,tóʼ,566,63,,,,Tommy McGinty,Johnson Edwards
household furnishings and personal belongings,camera,uzhí picture tsʼehutsi,,,Tommy McGinty and Johnson Edwards (Selkirk Indian Language Noun Dictionary 1977),,,tóʼ,567,64,CR99,,,Tommy McGinty,Johnson Edwards
household furnishings and personal belongings,camera,dan yézrúnʼ nedélíʼ,,,Tommy McGinty and Johnson Edwards (Selkirk Indian Language Noun Dictionary 1977),,,kʼése dekʼaw,568,64,CR99,,,Tommy McGinty,Johnson Edwards
household furnishings and personal belongings,candle,khi dékʼánʼ,,,Tommy McGinty and Johnson Edwards (Selkirk Indian Language Noun Dictionary 1977),,,kʼése detʼru,569,64,,see9,,Tommy McGinty,Johnson Edwards
household furnishings and personal belongings,wick,khi dékʼánʼ tlʼyáwʼ,,,Tommy McGinty and Johnson Edwards (Selkirk Indian Language Noun Dictionary 1977),,,kʼése dekʼaw,570,64,,see9,,Tommy McGinty,Johnson Edwards
household furnishings and personal belongings,cane,tóʼ,,,Tommy McGinty and Johnson Edwards (Selkirk Indian Language Noun Dictionary 1977),,,kʼése detʼru,571,64,CR100,,,Tommy McGinty,Johnson Edwards
household furnishings and personal belongings,walking stick,tóʼ,,,Tommy McGinty and Johnson Edwards (Selkirk Indian Language Noun Dictionary 1977),,,detlʼede,572,64,CR100,,,Tommy McGinty,Johnson Edwards
household furnishings and personal belongings,canvas,kʼése dekʼaw,,,Tommy McGinty and Johnson Edwards (Selkirk Indian Language Noun Dictionary 1977),,,se kʼełeʼatyan,573,64,CR101,,,Tommy McGinty,Johnson Edwards
household furnishings and personal belongings,canvas,kʼése detʼru,,,Tommy McGinty and Johnson Edwards (Selkirk Indian Language Noun Dictionary 1977),,,yáák tlʼyáwʼ,574,64,CR101,,,Tommy McGinty,Johnson Edwards
household furnishings and personal belongings,tarp,kʼése dekʼaw,,,Tommy McGinty and Johnson Edwards (Selkirk Indian Language Noun Dictionary 1977),,,tthezya,575,64,CR101,,,Tommy McGinty,Johnson Edwards
household furnishings and personal belongings,tarp,kʼése detʼru,,,Tommy McGinty and Johnson Edwards (Selkirk Indian Language Noun Dictionary 1977),,,tthʼéʼ utʼe hedle,576,64,CR101,,,Tommy McGinty,Johnson Edwards
household furnishings and personal belongings,chair,detlʼede,,,Tommy McGinty and Johnson Edwards (Selkirk Indian Language Noun Dictionary 1977),,,ndru tsʼeneʼin dedambáʼ,577,64,,,,Tommy McGinty,Johnson Edwards
household furnishings and personal belongings,clock,se kʼełeʼatyan,,,Tommy McGinty and Johnson Edwards (Selkirk Indian Language Noun Dictionary 1977),,,tthʼéʼ uzhí kʼédíʼ,578,64,,,,Tommy McGinty,Johnson Edwards
household furnishings and personal belongings,clothesline,yáák tlʼyáwʼ,,,Tommy McGinty and Johnson Edwards (Selkirk Indian Language Noun Dictionary 1977),,,tthʼéʼ uzhí kʼetsʼedi,579,64,,,,Tommy McGinty,Johnson Edwards
household furnishings and personal belongings,comp,tthezya,,,Tommy McGinty and Johnson Edwards (Selkirk Indian Language Noun Dictionary 1977),"not sure what a ""comp"" is?",,tlin dháántaan,580,64,,,,Tommy McGinty,Johnson Edwards
household furnishings and personal belongings,cupboard,tthʼéʼ utʼe hedle,,,Tommy McGinty and Johnson Edwards (Selkirk Indian Language Noun Dictionary 1977),,,kʼongrun,581,64,,,,Tommy McGinty,Johnson Edwards
household furnishings and personal belongings,curtain,ndru tsʼeneʼin dedambáʼ,,,Tommy McGinty and Johnson Edwards (Selkirk Indian Language Noun Dictionary 1977),,,gungrun,582,64,,,,Tommy McGinty,Johnson Edwards
household furnishings and personal belongings,dish rag,tthʼéʼ uzhí kʼédíʼ,,,Tommy McGinty and Johnson Edwards (Selkirk Indian Language Noun Dictionary 1977),,,adántaan téłrúnʼ,583,64,,see10,,Tommy McGinty,Johnson Edwards
household furnishings and personal belongings,dish towel,tthʼéʼ uzhí kʼetsʼedi,,,Tommy McGinty and Johnson Edwards (Selkirk Indian Language Noun Dictionary 1977),,,tro tyáʼ,584,64,,see10,,Tommy McGinty,Johnson Edwards
household furnishings and personal belongings,dog collar,tlin dháántaan,,,Tommy McGinty and Johnson Edwards (Selkirk Indian Language Noun Dictionary 1977),,,tsʼekhaw,585,64,,,,Tommy McGinty,Johnson Edwards
household furnishings and personal belongings,doll (baby),kʼongrun,,,Tommy McGinty and Johnson Edwards (Selkirk Indian Language Noun Dictionary 1977),,,dan náák hedle,586,64,CR102,,,Tommy McGinty,Johnson Edwards
household furnishings and personal belongings,doll (baby),gungrun,,,Tommy McGinty and Johnson Edwards (Selkirk Indian Language Noun Dictionary 1977),,,náák hedle denétʼro,587,64,CR102,,,Tommy McGinty,Johnson Edwards
household furnishings and personal belongings,door knob,adántaan téłrúnʼ,,,Tommy McGinty and Johnson Edwards (Selkirk Indian Language Noun Dictionary 1977),,,uzhí hetsʼende,588,64,,,,Tommy McGinty,Johnson Edwards
household furnishings and personal belongings,down mattress,tro tyáʼ,,,Tommy McGinty and Johnson Edwards (Selkirk Indian Language Noun Dictionary 1977),,bed,uzhí hutsʼedetthʼáwʼ,589,64,,,,Tommy McGinty,Johnson Edwards
household furnishings and personal belongings,drum,tsʼekhaw,,,Tommy McGinty and Johnson Edwards (Selkirk Indian Language Noun Dictionary 1977),,,dededon,590,64,,,,Tommy McGinty,Johnson Edwards
household furnishings and personal belongings,glasses,dan náák hedle,,,Tommy McGinty and Johnson Edwards (Selkirk Indian Language Noun Dictionary 1977),,,dezak dan dhyáʼ tsʼejan,591,64,,see11,,Tommy McGinty,Johnson Edwards
household furnishings and personal belongings,sunglasses,náák hedle denétʼro,,,Tommy McGinty and Johnson Edwards (Selkirk Indian Language Noun Dictionary 1977),,,etlyaak,592,65,,see11,,Tommy McGinty,Johnson Edwards
household furnishings and personal belongings,field glasses,uzhí hetsʼende,,,Tommy McGinty and Johnson Edwards (Selkirk Indian Language Noun Dictionary 1977),,,dédlínʼ,593,65,,see12,,Tommy McGinty,Johnson Edwards
household furnishings and personal belongings,glue,uzhí hutsʼedetthʼáwʼ,,,Tommy McGinty and Johnson Edwards (Selkirk Indian Language Noun Dictionary 1977),,,nan ka ukʼók,594,65,,,,Tommy McGinty,Johnson Edwards
household furnishings and personal belongings,guitar,dededon,,,Tommy McGinty and Johnson Edwards (Selkirk Indian Language Noun Dictionary 1977),,,dan nínʼ ka hechúʼ,595,65,,,,Tommy McGinty,Johnson Edwards
household furnishings and personal belongings,harmonica,dezak dan dhyáʼ tsʼejan,,,Tommy McGinty and Johnson Edwards (Selkirk Indian Language Noun Dictionary 1977),,,dan nínʼ uzhí kʼetsʼenete,596,65,,,,Tommy McGinty,Johnson Edwards
household furnishings and personal belongings,junk,etlyaak,,,Tommy McGinty and Johnson Edwards (Selkirk Indian Language Noun Dictionary 1977),,,lezéʼ,597,65,,,,Tommy McGinty,Johnson Edwards
household furnishings and personal belongings,key,dédlínʼ,,,Tommy McGinty and Johnson Edwards (Selkirk Indian Language Noun Dictionary 1977),,,uzhí dechan tyáʼ kʼetsʼetsaw,598,65,,,,Tommy McGinty,Johnson Edwards
household furnishings and personal belongings,map,nan ka ukʼók,,,Tommy McGinty and Johnson Edwards (Selkirk Indian Language Noun Dictionary 1977),,,tthʼina tsʼúndíʼ,599,65,,,,Tommy McGinty,Johnson Edwards
household furnishings and personal belongings,mask,dan nínʼ ka hechúʼ,,,Tommy McGinty and Johnson Edwards (Selkirk Indian Language Noun Dictionary 1977),,,kʼok uka hunday húnlin,600,65,,,,Tommy McGinty,Johnson Edwards
household furnishings and personal belongings,mirror,dan nínʼ uzhí kʼetsʼenete,,,Tommy McGinty and Johnson Edwards (Selkirk Indian Language Noun Dictionary 1977),,,kúnʼ kínʼ hedédinʼen,601,65,,,,Tommy McGinty,Johnson Edwards
household furnishings and personal belongings,money,lezéʼ,,,Tommy McGinty and Johnson Edwards (Selkirk Indian Language Noun Dictionary 1977),,,kʼok,602,65,,,,Tommy McGinty,Johnson Edwards
household furnishings and personal belongings,mop,uzhí dechan tyáʼ kʼetsʼetsaw,,,Tommy McGinty and Johnson Edwards (Selkirk Indian Language Noun Dictionary 1977),,,kʼok,603,65,,,,Tommy McGinty,Johnson Edwards
household furnishings and personal belongings,mosquito dope,tthʼina tsʼúndíʼ,,,Tommy McGinty and Johnson Edwards (Selkirk Indian Language Noun Dictionary 1977),,,uzhí etsʼedenetlʼát,604,65,,,,Tommy McGinty,Johnson Edwards
household furnishings and personal belongings,newspaper,kʼok uka hunday húnlin,,,Tommy McGinty and Johnson Edwards (Selkirk Indian Language Noun Dictionary 1977),,,uzhí etsʼedenetlʼát,605,65,,,,Tommy McGinty,Johnson Edwards
household furnishings and personal belongings,padlock,kúnʼ kínʼ hedédinʼen,,,Tommy McGinty and Johnson Edwards (Selkirk Indian Language Noun Dictionary 1977),,,tro ttháʼa,606,65,,,,Tommy McGinty,Johnson Edwards
household furnishings and personal belongings,paper,kʼok,,,Tommy McGinty and Johnson Edwards (Selkirk Indian Language Noun Dictionary 1977),entry for kʼok also on page 63. Delete one?,,tro ttháʼa dhóʼ,607,65,CR103,,,Tommy McGinty,Johnson Edwards
household furnishings and personal belongings,book,kʼok,,,Tommy McGinty and Johnson Edwards (Selkirk Indian Language Noun Dictionary 1977),entry for kʼok also on page 63. Delete one?,,łetínʼ,608,65,CR103,,,Tommy McGinty,Johnson Edwards
household furnishings and personal belongings,pencil,uzhí etsʼedenetlʼát,,,Tommy McGinty and Johnson Edwards (Selkirk Indian Language Noun Dictionary 1977),,,kʼóke,609,65,CR104,,,Tommy McGinty,Johnson Edwards
household furnishings and personal belongings,pen,uzhí etsʼedenetlʼát,,,Tommy McGinty and Johnson Edwards (Selkirk Indian Language Noun Dictionary 1977),,,kenekíʼ,610,65,CR104,,,Tommy McGinty,Johnson Edwards
household furnishings and personal belongings,pillow,tro ttháʼa,,,Tommy McGinty and Johnson Edwards (Selkirk Indian Language Noun Dictionary 1977),,bed,keninkíʼ,611,65,,see13,,Tommy McGinty,Johnson Edwards
household furnishings and personal belongings,pillowcase,tro ttháʼa dhóʼ,,,Tommy McGinty and Johnson Edwards (Selkirk Indian Language Noun Dictionary 1977),,bed,natanetʼa,612,65,,see13,,Tommy McGinty,Johnson Edwards
household furnishings and personal belongings,pipe (tobacco) ,łetínʼ,,,Tommy McGinty and Johnson Edwards (Selkirk Indian Language Noun Dictionary 1977),,,edzíʼ,613,66,,,,Tommy McGinty,Johnson Edwards
household furnishings and personal belongings,playing cards,kʼóke,,,Tommy McGinty and Johnson Edwards (Selkirk Indian Language Noun Dictionary 1977),,playing cards,minárs,614,66,,,,Tommy McGinty,Johnson Edwards
household furnishings and personal belongings,clubs,kenekíʼ,,,Tommy McGinty and Johnson Edwards (Selkirk Indian Language Noun Dictionary 1977),clarify itʼs refering to the suit?,playing cards,mézro zra,615,66,CR105,,,Tommy McGinty,Johnson Edwards
household furnishings and personal belongings,clubs,keninkíʼ,,,Tommy McGinty and Johnson Edwards (Selkirk Indian Language Noun Dictionary 1977),clarify itʼs refering to the suit?,playing cards,mézro cho,616,66,CR105,,,Tommy McGinty,Johnson Edwards
household furnishings and personal belongings,diamonds,natanetʼa,,,Tommy McGinty and Johnson Edwards (Selkirk Indian Language Noun Dictionary 1977),clarify itʼs refering to the suit?,playing cards,jógar,617,66,,,,Tommy McGinty,Johnson Edwards
household furnishings and personal belongings,hearts,edzíʼ,,,Tommy McGinty and Johnson Edwards (Selkirk Indian Language Noun Dictionary 1977),clarify itʼs refering to the suit?,playing cards,dezak cho ejan,618,66,,,,Tommy McGinty,Johnson Edwards
household furnishings and personal belongings,ace,minárs,,,Tommy McGinty and Johnson Edwards (Selkirk Indian Language Noun Dictionary 1977),clarify itʼs refering to the suit?,playing cards,etlyaak,619,66,,,,Tommy McGinty,Johnson Edwards
household furnishings and personal belongings,jack of clubs,mézro zra,,,Tommy McGinty and Johnson Edwards (Selkirk Indian Language Noun Dictionary 1977),clarify itʼs refering to the suit?,playing cards,dan deyéʼ uzhí tsʼetʼáʼ,620,66,,,,Tommy McGinty,Johnson Edwards
household furnishings and personal belongings,king of hearts,mézro cho,,,Tommy McGinty and Johnson Edwards (Selkirk Indian Language Noun Dictionary 1977),clarify itʼs refering to the suit?,playing cards,dan deyéʼ mbráʼ,621,66,,,,Tommy McGinty,Johnson Edwards
household furnishings and personal belongings,joker,jógar,,,Tommy McGinty and Johnson Edwards (Selkirk Indian Language Noun Dictionary 1977),clarify itʼs refering to the suit?,playing cards,dezak dembáʼ,622,66,,,,Tommy McGinty,Johnson Edwards
household furnishings and personal belongings,radio,dezak cho ejan,,,Tommy McGinty and Johnson Edwards (Selkirk Indian Language Noun Dictionary 1977),,,dezak,623,66,,,,Tommy McGinty,Johnson Edwards
household furnishings and personal belongings,rags,etlyaak,,,Tommy McGinty and Johnson Edwards (Selkirk Indian Language Noun Dictionary 1977),"""see"" dish rag?",,utʼa nachonetan,624,66,,,,Tommy McGinty,Johnson Edwards
household furnishings and personal belongings,razor,dan deyéʼ uzhí tsʼetʼáʼ,,,Tommy McGinty and Johnson Edwards (Selkirk Indian Language Noun Dictionary 1977),,,tlʼyaw,625,66,,see14,,Tommy McGinty,Johnson Edwards
household furnishings and personal belongings,razor blade,dan deyéʼ mbráʼ,,,Tommy McGinty and Johnson Edwards (Selkirk Indian Language Noun Dictionary 1977),,,tlʼyaw zra nézróʼ,626,66,,see14,,Tommy McGinty,Johnson Edwards
household furnishings and personal belongings,record,dezak dembáʼ,,,Tommy McGinty and Johnson Edwards (Selkirk Indian Language Noun Dictionary 1977),clarify itʼs refering to a music record,,inchúʼ ndróʼ,627,66,,see15,,Tommy McGinty,Johnson Edwards
household furnishings and personal belongings,record player,dezak,,,Tommy McGinty and Johnson Edwards (Selkirk Indian Language Noun Dictionary 1977),,,inchúʼ kéndróʼ,628,66,,see15,,Tommy McGinty,Johnson Edwards
household furnishings and personal belongings,refrigerator,utʼa nachonetan,,,Tommy McGinty and Johnson Edwards (Selkirk Indian Language Noun Dictionary 1977),,,tyáʼ,629,66,,,,Tommy McGinty,Johnson Edwards
household furnishings and personal belongings,rope,tlʼyaw,,,Tommy McGinty and Johnson Edwards (Selkirk Indian Language Noun Dictionary 1977),,,tro tsʼát,630,66,,see16,,Tommy McGinty,Johnson Edwards
household furnishings and personal belongings,twine,tlʼyaw zra nézróʼ,,,Tommy McGinty and Johnson Edwards (Selkirk Indian Language Noun Dictionary 1977),,,etthíʼ tlʼyáwʼ,631,66,,see16,,Tommy McGinty,Johnson Edwards
household furnishings and personal belongings,sewing bag ,inchúʼ ndróʼ,,,Tommy McGinty and Johnson Edwards (Selkirk Indian Language Noun Dictionary 1977),,,detlíʼ,632,66,CR106,,,Tommy McGinty,Johnson Edwards
household furnishings and personal belongings,sewing bag ,inchúʼ kéndróʼ,,,Tommy McGinty and Johnson Edwards (Selkirk Indian Language Noun Dictionary 1977),,,dezyaak tthʼéʼ,633,66,CR106,,,Tommy McGinty,Johnson Edwards
household furnishings and personal belongings,skin mattress,tyáʼ,,,Tommy McGinty and Johnson Edwards (Selkirk Indian Language Noun Dictionary 1977),"""see"" other mattress entries?",,sto,634,66,,,,Tommy McGinty,Johnson Edwards
household furnishings and personal belongings,sleeping bag,tro tsʼát,,,Tommy McGinty and Johnson Edwards (Selkirk Indian Language Noun Dictionary 1977),,,sto dhyáwnʼ,635,66,,,,Tommy McGinty,Johnson Edwards
household furnishings and personal belongings,slingshot,etthíʼ tlʼyáwʼ,,,Tommy McGinty and Johnson Edwards (Selkirk Indian Language Noun Dictionary 1977),,,sto dhyánʼ,636,67,,,,Tommy McGinty,Johnson Edwards
household furnishings and personal belongings,soap,detlíʼ,,,Tommy McGinty and Johnson Edwards (Selkirk Indian Language Noun Dictionary 1977),,,utʼáʼ etʼyóʼ,637,67,,,,Tommy McGinty,Johnson Edwards
household furnishings and personal belongings,spit can,dezyaak tthʼéʼ,,,Tommy McGinty and Johnson Edwards (Selkirk Indian Language Noun Dictionary 1977),,,uka netsʼekwan,638,67,,,,Tommy McGinty,Johnson Edwards
household furnishings and personal belongings,stove,sto,,,Tommy McGinty and Johnson Edwards (Selkirk Indian Language Noun Dictionary 1977),,,tlʼyaw géʼ hutsʼendi,639,67,,see17,,Tommy McGinty,Johnson Edwards
household furnishings and personal belongings,stovepipe,sto dhyáwnʼ,,,Tommy McGinty and Johnson Edwards (Selkirk Indian Language Noun Dictionary 1977),,,tthʼíʼ,640,67,CR107,see17,,Tommy McGinty,Johnson Edwards
household furnishings and personal belongings,stovepipe,sto dhyánʼ,,,Tommy McGinty and Johnson Edwards (Selkirk Indian Language Noun Dictionary 1977),,,kʼése tthʼíʼ,641,67,CR107,see17,,Tommy McGinty,Johnson Edwards
household furnishings and personal belongings,oven,utʼáʼ etʼyóʼ,,,Tommy McGinty and Johnson Edwards (Selkirk Indian Language Noun Dictionary 1977),,,łat tthʼéʼ,642,67,,see17,,Tommy McGinty,Johnson Edwards
household furnishings and personal belongings,table,uka netsʼekwan,,,Tommy McGinty and Johnson Edwards (Selkirk Indian Language Noun Dictionary 1977),,,dunyánʼ uzhí nuhuzhi,643,67,,,,Tommy McGinty,Johnson Edwards
household furnishings and personal belongings,telephone,tlʼyaw géʼ hutsʼendi,,,Tommy McGinty and Johnson Edwards (Selkirk Indian Language Noun Dictionary 1977),,,tsan tthʼéʼ,644,67,,,,Tommy McGinty,Johnson Edwards
household furnishings and personal belongings,thread,tthʼíʼ,,,Tommy McGinty and Johnson Edwards (Selkirk Indian Language Noun Dictionary 1977),,,tsan tyan,645,67,CR108,,,Tommy McGinty,Johnson Edwards
household furnishings and personal belongings,thread,kʼése tthʼíʼ,,,Tommy McGinty and Johnson Edwards (Selkirk Indian Language Noun Dictionary 1977),,,nde utʼe hedle,646,67,CR108,,,Tommy McGinty,Johnson Edwards
household furnishings and personal belongings,tobacco can ,łat tthʼéʼ,,,Tommy McGinty and Johnson Edwards (Selkirk Indian Language Noun Dictionary 1977),,,chen dáshat,647,67,,,,Tommy McGinty,Johnson Edwards
household furnishings and personal belongings,toy,dunyánʼ uzhí nuhuzhi,,,Tommy McGinty and Johnson Edwards (Selkirk Indian Language Noun Dictionary 1977),,,lezéʼ dhóʼ,648,67,,,,Tommy McGinty,Johnson Edwards
household furnishings and personal belongings,trash can,tsan tthʼéʼ,,,Tommy McGinty and Johnson Edwards (Selkirk Indian Language Noun Dictionary 1977),,,detlíʼ tthʼéʼ zra,649,67,CR109,,,Tommy McGinty,Johnson Edwards
household furnishings and personal belongings,trash can,tsan tyan,,,Tommy McGinty and Johnson Edwards (Selkirk Indian Language Noun Dictionary 1977),,,detlíʼ tthʼéʼ cho,650,67,CR109,,,Tommy McGinty,Johnson Edwards
household furnishings and personal belongings,trunk,nde utʼe hedle,,,Tommy McGinty and Johnson Edwards (Selkirk Indian Language Noun Dictionary 1977),"as in a box, not as in a car or tree?",,se ka kʼełeʼatyan,651,67,,,,Tommy McGinty,Johnson Edwards
household furnishings and personal belongings,umbrella,chen dáshat,,,Tommy McGinty and Johnson Edwards (Selkirk Indian Language Noun Dictionary 1977),,,se ka kʼełeʼatyan,652,67,,,,Tommy McGinty,Johnson Edwards
household furnishings and personal belongings,wallet,lezéʼ dhóʼ,,,Tommy McGinty and Johnson Edwards (Selkirk Indian Language Noun Dictionary 1977),,,hunsrúnʼ,653,67,,,,Tommy McGinty,Johnson Edwards
household furnishings and personal belongings,washbasin,detlíʼ tthʼéʼ zra,,,Tommy McGinty and Johnson Edwards (Selkirk Indian Language Noun Dictionary 1977),,,mezan etlʼun,654,67,,,,Tommy McGinty,Johnson Edwards
household furnishings and personal belongings,washtub,detlíʼ tthʼéʼ cho,,,Tommy McGinty and Johnson Edwards (Selkirk Indian Language Noun Dictionary 1977),,,dedyáʼ,655,67,,,,Tommy McGinty,Johnson Edwards
household furnishings and personal belongings,watch,se ka kʼełeʼatyan,,,Tommy McGinty and Johnson Edwards (Selkirk Indian Language Noun Dictionary 1977),,,dadzyan,656,67,CR110,,,Tommy McGinty,Johnson Edwards
household furnishings and personal belongings,clock,se ka kʼełeʼatyan,,,Tommy McGinty and Johnson Edwards (Selkirk Indian Language Noun Dictionary 1977),,,dedzyan,657,67,CR110,,,Tommy McGinty,Johnson Edwards
household furnishings and personal belongings,whistle,hunsrúnʼ,,,Tommy McGinty and Johnson Edwards (Selkirk Indian Language Noun Dictionary 1977),,,ninkhrua,658,67,,,,Tommy McGinty,Johnson Edwards
household furnishings and personal belongings,window screen,mezan etlʼun,,,Tommy McGinty and Johnson Edwards (Selkirk Indian Language Noun Dictionary 1977),,,nekhrua,659,67,,,,Tommy McGinty,Johnson Edwards
insects and bugs,ant,dedyáʼ,,,Tommy McGinty and Johnson Edwards (Selkirk Indian Language Noun Dictionary 1977),,,tutʼyát,660,68,,,,Tommy McGinty,Johnson Edwards
insects and bugs,bee,dadzyan,,,Tommy McGinty and Johnson Edwards (Selkirk Indian Language Noun Dictionary 1977),,,tsʼo,661,68,CR111,,,Tommy McGinty,Johnson Edwards
insects and bugs,bee,dedzyan,,,Tommy McGinty and Johnson Edwards (Selkirk Indian Language Noun Dictionary 1977),,,gun,662,68,CR111,,,Tommy McGinty,Johnson Edwards
insects and bugs,blackfly,ninkhrua,,,Tommy McGinty and Johnson Edwards (Selkirk Indian Language Noun Dictionary 1977),,,gun,663,68,CR112,,,Tommy McGinty,Johnson Edwards
insects and bugs,blackfly,nekhrua,,,Tommy McGinty and Johnson Edwards (Selkirk Indian Language Noun Dictionary 1977),,,lukra,664,68,CR112,,,Tommy McGinty,Johnson Edwards
insects and bugs,bloodsucker,tutʼyát,,,Tommy McGinty and Johnson Edwards (Selkirk Indian Language Noun Dictionary 1977),,,nukra,665,68,,,,Tommy McGinty,Johnson Edwards
insects and bugs,blue fly,tsʼo,,,Tommy McGinty and Johnson Edwards (Selkirk Indian Language Noun Dictionary 1977),,,gun dezro,666,68,,,,Tommy McGinty,Johnson Edwards
insects and bugs,bug,gun,,,Tommy McGinty and Johnson Edwards (Selkirk Indian Language Noun Dictionary 1977),,,gun dechʼok,667,68,CR113,,,Tommy McGinty,Johnson Edwards
insects and bugs,worm,gun,,,Tommy McGinty and Johnson Edwards (Selkirk Indian Language Noun Dictionary 1977),,worm,etlʼák,668,68,CR113,,,Tommy McGinty,Johnson Edwards
insects and bugs,butterfly,lukra,,,Tommy McGinty and Johnson Edwards (Selkirk Indian Language Noun Dictionary 1977),,,tlin tlʼák,669,68,CR114,,,Tommy McGinty,Johnson Edwards
insects and bugs,butterfly,nukra,,,Tommy McGinty and Johnson Edwards (Selkirk Indian Language Noun Dictionary 1977),,,tsʼa,670,68,CR114,,,Tommy McGinty,Johnson Edwards
insects and bugs,caterpillar (black),gun dezro,,,Tommy McGinty and Johnson Edwards (Selkirk Indian Language Noun Dictionary 1977),,caterpillar,tsʼaat,671,68,,,,Tommy McGinty,Johnson Edwards
insects and bugs,caterpillar,gun dechʼok,,,Tommy McGinty and Johnson Edwards (Selkirk Indian Language Noun Dictionary 1977),,caterpillar,lusiga,672,68,,,,Tommy McGinty,Johnson Edwards
insects and bugs,fleas,etlʼák,,,Tommy McGinty and Johnson Edwards (Selkirk Indian Language Noun Dictionary 1977),,,nusiga,673,68,CR115,,,Tommy McGinty,Johnson Edwards
insects and bugs,fleas,tlin tlʼák,,,Tommy McGinty and Johnson Edwards (Selkirk Indian Language Noun Dictionary 1977),,,zhéʼ,674,68,CR115,,,Tommy McGinty,Johnson Edwards
insects and bugs,frog,tsʼa,,,Tommy McGinty and Johnson Edwards (Selkirk Indian Language Noun Dictionary 1977),,,tsʼo zra,675,68,CR116,,,Tommy McGinty,Johnson Edwards
insects and bugs,frog,tsʼaat,,,Tommy McGinty and Johnson Edwards (Selkirk Indian Language Noun Dictionary 1977),,,tsʼo zra,676,68,CR116,,,Tommy McGinty,Johnson Edwards
insects and bugs,grasshopper,lusiga,,,Tommy McGinty and Johnson Edwards (Selkirk Indian Language Noun Dictionary 1977),,,dintthʼin,677,68,CR117,,,Tommy McGinty,Johnson Edwards
insects and bugs,grasshopper,nusiga,,,Tommy McGinty and Johnson Edwards (Selkirk Indian Language Noun Dictionary 1977),,,dintthʼina,678,68,CR117,,,Tommy McGinty,Johnson Edwards
insects and bugs,louse,zhéʼ,,,Tommy McGinty and Johnson Edwards (Selkirk Indian Language Noun Dictionary 1977),,,tetsʼawa,679,68,,,,Tommy McGinty,Johnson Edwards
insects and bugs,maggots,tsʼo zra,,,Tommy McGinty and Johnson Edwards (Selkirk Indian Language Noun Dictionary 1977),,,lawa,680,68,CR118,,,Tommy McGinty,Johnson Edwards
insects and bugs,fly eggs,tsʼo zra,,,Tommy McGinty and Johnson Edwards (Selkirk Indian Language Noun Dictionary 1977),,,hutsíʼ,681,68,CR118,,,Tommy McGinty,Johnson Edwards
insects and bugs,mosquito,dintthʼin,,,Tommy McGinty and Johnson Edwards (Selkirk Indian Language Noun Dictionary 1977),,mosquito,hutsía,682,68,CR119,,,Tommy McGinty,Johnson Edwards
insects and bugs,mosquito,dintthʼina,,,Tommy McGinty and Johnson Edwards (Selkirk Indian Language Noun Dictionary 1977),,mosquito,hutsía myánʼ,683,68,CR119,,,Tommy McGinty,Johnson Edwards
insects and bugs,mosquito larvae (just hatched),tetsʼawa,,,Tommy McGinty and Johnson Edwards (Selkirk Indian Language Noun Dictionary 1977),,mosquito,tso kháʼ,684,68,,,,Tommy McGinty,Johnson Edwards
insects and bugs,silverfish (?) ,lawa,,,Tommy McGinty and Johnson Edwards (Selkirk Indian Language Noun Dictionary 1977),? Is in the dictionary,,tso kháʼ,685,68,,,,Tommy McGinty,Johnson Edwards
insects and bugs,spider,hutsíʼ,,,Tommy McGinty and Johnson Edwards (Selkirk Indian Language Noun Dictionary 1977),,spider,tetséʼ,686,68,CR120,,,Tommy McGinty,Johnson Edwards
insects and bugs,spider,hutsía,,,Tommy McGinty and Johnson Edwards (Selkirk Indian Language Noun Dictionary 1977),,spider,tutséʼ,687,68,CR120,,,Tommy McGinty,Johnson Edwards
insects and bugs,spider web,hutsía myánʼ,,,Tommy McGinty and Johnson Edwards (Selkirk Indian Language Noun Dictionary 1977),,spider,egúʼ,688,68,,,,Tommy McGinty,Johnson Edwards
insects and bugs,termite,tso kháʼ,,,Tommy McGinty and Johnson Edwards (Selkirk Indian Language Noun Dictionary 1977),,,tthaw gúnʼ ,689,69,CR121,,,Tommy McGinty,Johnson Edwards
insects and bugs,wood bug,tso kháʼ,,,Tommy McGinty and Johnson Edwards (Selkirk Indian Language Noun Dictionary 1977),,,enaan,690,69,CR121,,,Tommy McGinty,Johnson Edwards
insects and bugs,water bug,tetséʼ,,,Tommy McGinty and Johnson Edwards (Selkirk Indian Language Noun Dictionary 1977),,,mbo yékíʼ,691,69,CR122,,,Tommy McGinty,Johnson Edwards
insects and bugs,water bug,tutséʼ,,,Tommy McGinty and Johnson Edwards (Selkirk Indian Language Noun Dictionary 1977),,,mbo yékíʼ,692,69,CR122,,,Tommy McGinty,Johnson Edwards
insects and bugs,worm in caribou head,egúʼ,,,Tommy McGinty and Johnson Edwards (Selkirk Indian Language Noun Dictionary 1977),,worm,mbo nan,693,69,,,,Tommy McGinty,Johnson Edwards
insects and bugs,worm in guts,tthaw gúnʼ ,,,Tommy McGinty and Johnson Edwards (Selkirk Indian Language Noun Dictionary 1977),,worm,mbo nan,694,69,,,,Tommy McGinty,Johnson Edwards
land and water,animal lick,enaan,,,Tommy McGinty and Johnson Edwards (Selkirk Indian Language Noun Dictionary 1977),,,mbo kʼaw,695,70,,,,Tommy McGinty,Johnson Edwards
land and water,bank,mbo yékíʼ,,,Tommy McGinty and Johnson Edwards (Selkirk Indian Language Noun Dictionary 1977),clarify of a body of water?,bank (water),huntlʼro,696,70,CR123,,,Tommy McGinty,Johnson Edwards
land and water,sidebank,mbo yékíʼ,,,Tommy McGinty and Johnson Edwards (Selkirk Indian Language Noun Dictionary 1977),,bank (water),tlʼo etsan,697,70,CR123,,,Tommy McGinty,Johnson Edwards
land and water,bank,mbo nan,,,Tommy McGinty and Johnson Edwards (Selkirk Indian Language Noun Dictionary 1977),,bank (water),mbo,698,70,CR123,,,Tommy McGinty,Johnson Edwards
land and water,sidebank,mbo nan,,,Tommy McGinty and Johnson Edwards (Selkirk Indian Language Noun Dictionary 1977),,bank (water),tthi dedlan,699,70,CR123,,,Tommy McGinty,Johnson Edwards
land and water,white bank,mbo kʼaw,,,Tommy McGinty and Johnson Edwards (Selkirk Indian Language Noun Dictionary 1977),,bank (water),mezan dettho,700,70,,,,Tommy McGinty,Johnson Edwards
land and water,bare place,huntlʼro,,,Tommy McGinty and Johnson Edwards (Selkirk Indian Language Noun Dictionary 1977),clarify meaning/context?,,hudetsʼáwʼ,701,70,,,,Tommy McGinty,Johnson Edwards
land and water,bench ridge,tlʼo etsan,,,Tommy McGinty and Johnson Edwards (Selkirk Indian Language Noun Dictionary 1977),,,tthi yeninlin,702,70,CR124,,,Tommy McGinty,Johnson Edwards
land and water,bench ridge,mbo,,,Tommy McGinty and Johnson Edwards (Selkirk Indian Language Noun Dictionary 1977),,,tʼróʼ,703,70,CR124,,,Tommy McGinty,Johnson Edwards
land and water,bluff (steep),tthi dedlan,,,Tommy McGinty and Johnson Edwards (Selkirk Indian Language Noun Dictionary 1977),,,hunsun ka,704,70,,,,Tommy McGinty,Johnson Edwards
land and water,brass,mezan dettho,,,Tommy McGinty and Johnson Edwards (Selkirk Indian Language Noun Dictionary 1977),,,hunsun ka,705,70,,,,Tommy McGinty,Johnson Edwards
land and water,bushes (thick),hudetsʼáwʼ,,,Tommy McGinty and Johnson Edwards (Selkirk Indian Language Noun Dictionary 1977),,,tthi dékʼánʼ,706,70,,,,Tommy McGinty,Johnson Edwards
land and water,canyon,tthi yeninlin,,,Tommy McGinty and Johnson Edwards (Selkirk Indian Language Noun Dictionary 1977),,,tthetsáánʼ,707,70,,,,Tommy McGinty,Johnson Edwards
land and water,charcoal,tʼróʼ,,,Tommy McGinty and Johnson Edwards (Selkirk Indian Language Noun Dictionary 1977),,,tagéa,708,70,,,,Tommy McGinty,Johnson Edwards
land and water,clearing,hunsun ka,,,Tommy McGinty and Johnson Edwards (Selkirk Indian Language Noun Dictionary 1977),clarify meaning/context?,,tsan,709,70,CR125,,,Tommy McGinty,Johnson Edwards
land and water,open place,hunsun ka,,,Tommy McGinty and Johnson Edwards (Selkirk Indian Language Noun Dictionary 1977),clarify meaning/context?,,łyóʼ,710,70,CR125,,,Tommy McGinty,Johnson Edwards
land and water,coal,tthi dékʼánʼ,,,Tommy McGinty and Johnson Edwards (Selkirk Indian Language Noun Dictionary 1977),,,nan detlat,711,70,,,,Tommy McGinty,Johnson Edwards
land and water,copper,tthetsáánʼ,,,Tommy McGinty and Johnson Edwards (Selkirk Indian Language Noun Dictionary 1977),,,tlʼadindlin,712,70,,,,Tommy McGinty,Johnson Edwards
land and water,creek,tagéa,,,Tommy McGinty and Johnson Edwards (Selkirk Indian Language Noun Dictionary 1977),,,tlʼindlin,713,70,,,,Tommy McGinty,Johnson Edwards
land and water,dirt,tsan,,,Tommy McGinty and Johnson Edwards (Selkirk Indian Language Noun Dictionary 1977),,,degrodánʼ,714,70,,,,Tommy McGinty,Johnson Edwards
land and water,dust,łyóʼ,,,Tommy McGinty and Johnson Edwards (Selkirk Indian Language Noun Dictionary 1977),,,hutyáʼ,715,70,,,,Tommy McGinty,Johnson Edwards
land and water,earthquake,nan detlat,,,Tommy McGinty and Johnson Edwards (Selkirk Indian Language Noun Dictionary 1977),,,dohonéténʼ,716,70,,,,Tommy McGinty,Johnson Edwards
land and water,eddy,tlʼadindlin,,,Tommy McGinty and Johnson Edwards (Selkirk Indian Language Noun Dictionary 1977),,,nyana tan,717,70,CR126,,,Tommy McGinty,Johnson Edwards
land and water,eddy,tlʼindlin,,,Tommy McGinty and Johnson Edwards (Selkirk Indian Language Noun Dictionary 1977),,,tthʼúnʼ,718,70,CR126,,,Tommy McGinty,Johnson Edwards
land and water,foam,degrodánʼ,,,Tommy McGinty and Johnson Edwards (Selkirk Indian Language Noun Dictionary 1977),,,tthʼúnʼ tlʼróʼ,719,70,,,,Tommy McGinty,Johnson Edwards
land and water,flat place,hutyáʼ,,,Tommy McGinty and Johnson Edwards (Selkirk Indian Language Noun Dictionary 1977),,,the,720,71,CR127,,,Tommy McGinty,Johnson Edwards
land and water,flat place,dohonéténʼ,,,Tommy McGinty and Johnson Edwards (Selkirk Indian Language Noun Dictionary 1977),,,the,721,71,CR127,,,Tommy McGinty,Johnson Edwards
land and water,game trail,nyana tan,,,Tommy McGinty and Johnson Edwards (Selkirk Indian Language Noun Dictionary 1977),,,nan,722,71,,,,Tommy McGinty,Johnson Edwards
land and water,glacier,tthʼúnʼ,,,Tommy McGinty and Johnson Edwards (Selkirk Indian Language Noun Dictionary 1977),,,nan,723,71,CR128,,,Tommy McGinty,Johnson Edwards
land and water,glacier,tthʼúnʼ tlʼróʼ,,,Tommy McGinty and Johnson Edwards (Selkirk Indian Language Noun Dictionary 1977),,,nan hegan,724,71,CR128,,,Tommy McGinty,Johnson Edwards
land and water,gravel,the,,,Tommy McGinty and Johnson Edwards (Selkirk Indian Language Noun Dictionary 1977),,,nan delan,725,71,CR129,,,Tommy McGinty,Johnson Edwards
land and water,sand,the,,,Tommy McGinty and Johnson Edwards (Selkirk Indian Language Noun Dictionary 1977),,,shúʼ,726,71,CR129,,,Tommy McGinty,Johnson Edwards
land and water,ground,nan,,,Tommy McGinty and Johnson Edwards (Selkirk Indian Language Noun Dictionary 1977),,,tʼó shúʼ,727,71,CR130,see18,,Tommy McGinty,Johnson Edwards
land and water,earth,nan,,,Tommy McGinty and Johnson Edwards (Selkirk Indian Language Noun Dictionary 1977),,,tsʼók shúʼ,728,71,CR130,see19,,Tommy McGinty,Johnson Edwards
land and water,dry ground,nan hegan,,,Tommy McGinty and Johnson Edwards (Selkirk Indian Language Noun Dictionary 1977),,,ddhaw yékíʼ,729,71,,see18,,Tommy McGinty,Johnson Edwards
land and water,hard ground,nan delan,,,Tommy McGinty and Johnson Edwards (Selkirk Indian Language Noun Dictionary 1977),,,nadlada,730,71,,see19,,Tommy McGinty,Johnson Edwards
land and water,hill,shúʼ,,,Tommy McGinty and Johnson Edwards (Selkirk Indian Language Noun Dictionary 1977),,hill,hutatok,731,71,,,,Tommy McGinty,Johnson Edwards
land and water,cottonwood hill,tʼó shúʼ,,,Tommy McGinty and Johnson Edwards (Selkirk Indian Language Noun Dictionary 1977),,hill,hutatyok,732,71,,,,Tommy McGinty,Johnson Edwards
land and water,spruce hill,tsʼók shúʼ,,,Tommy McGinty and Johnson Edwards (Selkirk Indian Language Noun Dictionary 1977),,hill,hunétʼrúnʼ,733,71,,,,Tommy McGinty,Johnson Edwards
land and water,sidehill,ddhaw yékíʼ,,,Tommy McGinty and Johnson Edwards (Selkirk Indian Language Noun Dictionary 1977),,hill,hunétʼrúnʼ,734,71,,,,Tommy McGinty,Johnson Edwards
land and water,hill standing alone,nadlada,,,Tommy McGinty and Johnson Edwards (Selkirk Indian Language Noun Dictionary 1977),,hill,łyat,735,71,,,,Tommy McGinty,Johnson Edwards
land and water,hilly place,hutatok,,,Tommy McGinty and Johnson Edwards (Selkirk Indian Language Noun Dictionary 1977),,hill,tthʼúnʼ intlʼro,736,71,CR131,,,Tommy McGinty,Johnson Edwards
land and water,hilly place,hutatyok,,,Tommy McGinty and Johnson Edwards (Selkirk Indian Language Noun Dictionary 1977),,hill,tan łeketáw,737,71,CR131,,,Tommy McGinty,Johnson Edwards
land and water,hole,hunétʼrúnʼ,,,Tommy McGinty and Johnson Edwards (Selkirk Indian Language Noun Dictionary 1977),clarify in the earth?,,tan hulyok,738,71,CR132,,,Tommy McGinty,Johnson Edwards
land and water,depression,hunétʼrúnʼ,,,Tommy McGinty and Johnson Edwards (Selkirk Indian Language Noun Dictionary 1977),clarify in the earth?,,tan hulyáwʼ,739,71,CR132,,,Tommy McGinty,Johnson Edwards
land and water,ice (chunk),łyat,,,Tommy McGinty and Johnson Edwards (Selkirk Indian Language Noun Dictionary 1977),,ice,zha łenétʼan,740,71,,,,Tommy McGinty,Johnson Edwards
land and water,clear ice,tthʼúnʼ intlʼro,,,Tommy McGinty and Johnson Edwards (Selkirk Indian Language Noun Dictionary 1977),,ice,łyat delyat,741,71,,,,Tommy McGinty,Johnson Edwards
land and water,cracked ice,tan łeketáw,,,Tommy McGinty and Johnson Edwards (Selkirk Indian Language Noun Dictionary 1977),,ice,łyat tachʼók,742,71,,,,Tommy McGinty,Johnson Edwards
land and water,crusted ice,tan hulyok,,,Tommy McGinty and Johnson Edwards (Selkirk Indian Language Noun Dictionary 1977),,ice,łyat daʼáwʼ,743,71,CR133,,,Tommy McGinty,Johnson Edwards
land and water,crusted ice,tan hulyáwʼ,,,Tommy McGinty and Johnson Edwards (Selkirk Indian Language Noun Dictionary 1977),,ice,tan zi nedeʼáwʼ,744,71,CR133,,,Tommy McGinty,Johnson Edwards
land and water,packed ice,zha łenétʼan,,,Tommy McGinty and Johnson Edwards (Selkirk Indian Language Noun Dictionary 1977),,ice,tan dhyaw,745,71,,,,Tommy McGinty,Johnson Edwards
land and water,rough ice,łyat delyat,,,Tommy McGinty and Johnson Edwards (Selkirk Indian Language Noun Dictionary 1977),,ice,tan zi,746,71,CR134,,,Tommy McGinty,Johnson Edwards
land and water,rough ice,łyat tachʼók,,,Tommy McGinty and Johnson Edwards (Selkirk Indian Language Noun Dictionary 1977),,ice,tan,747,72,CR134,,,Tommy McGinty,Johnson Edwards
land and water,running ice,łyat daʼáwʼ,,,Tommy McGinty and Johnson Edwards (Selkirk Indian Language Noun Dictionary 1977),,ice,tan dedeláwʼ,748,72,,,,Tommy McGinty,Johnson Edwards
land and water,running ice in fall time,tan zi nedeʼáwʼ,,,Tommy McGinty and Johnson Edwards (Selkirk Indian Language Noun Dictionary 1977),,ice,tan tsʼedeláwʼ,749,72,,,,Tommy McGinty,Johnson Edwards
land and water,shell ice,tan dhyaw,,,Tommy McGinty and Johnson Edwards (Selkirk Indian Language Noun Dictionary 1977),,ice,dan kezhi,750,72,,,,Tommy McGinty,Johnson Edwards
land and water,slushy ice,tan zi,,,Tommy McGinty and Johnson Edwards (Selkirk Indian Language Noun Dictionary 1977),,ice,mezan,751,72,,,,Tommy McGinty,Johnson Edwards
land and water,solid ice,tan,,,Tommy McGinty and Johnson Edwards (Selkirk Indian Language Noun Dictionary 1977),,ice,mezan,752,72,,,,Tommy McGinty,Johnson Edwards
land and water,thin ice,tan dedeláwʼ,,,Tommy McGinty and Johnson Edwards (Selkirk Indian Language Noun Dictionary 1977),,ice,ndu,753,72,CR135,,,Tommy McGinty,Johnson Edwards
land and water,thin ice,tan tsʼedeláwʼ,,,Tommy McGinty and Johnson Edwards (Selkirk Indian Language Noun Dictionary 1977),,ice,ndu detsʼáwʼ,754,72,CR135,,,Tommy McGinty,Johnson Edwards
land and water,Indian land,dan kezhi,,,Tommy McGinty and Johnson Edwards (Selkirk Indian Language Noun Dictionary 1977),,,man,755,72,,,,Tommy McGinty,Johnson Edwards
land and water,iron,mezan,,,Tommy McGinty and Johnson Edwards (Selkirk Indian Language Noun Dictionary 1977),,,man tatlʼaat,756,72,CR136,,,Tommy McGinty,Johnson Edwards
land and water,metal,mezan,,,Tommy McGinty and Johnson Edwards (Selkirk Indian Language Noun Dictionary 1977),,,man dechaak,757,72,CR136,,,Tommy McGinty,Johnson Edwards
land and water,island,ndu,,,Tommy McGinty and Johnson Edwards (Selkirk Indian Language Noun Dictionary 1977),,,man techaak,758,72,,see20,,Tommy McGinty,Johnson Edwards
land and water,brush-covered island,ndu detsʼáwʼ,,,Tommy McGinty and Johnson Edwards (Selkirk Indian Language Noun Dictionary 1977),,,man tlʼambe,759,72,,see20,,Tommy McGinty,Johnson Edwards
land and water,lake,man,,,Tommy McGinty and Johnson Edwards (Selkirk Indian Language Noun Dictionary 1977),,lake,man mbe,760,72,,,,Tommy McGinty,Johnson Edwards
land and water,head of lake,man tatlʼaat,,,Tommy McGinty and Johnson Edwards (Selkirk Indian Language Noun Dictionary 1977),,lake,man tambe,761,72,,,,Tommy McGinty,Johnson Edwards
land and water,outlet of lake,man dechaak,,,Tommy McGinty and Johnson Edwards (Selkirk Indian Language Noun Dictionary 1977),,lake,tlʼo ka,762,72,CR137,,,Tommy McGinty,Johnson Edwards
land and water,outlet of lake,man techaak,,,Tommy McGinty and Johnson Edwards (Selkirk Indian Language Noun Dictionary 1977),,lake,ddhaw,763,72,CR137,,,Tommy McGinty,Johnson Edwards
land and water,shore of lake,man tlʼambe,,,Tommy McGinty and Johnson Edwards (Selkirk Indian Language Noun Dictionary 1977),,lake,ddhaw intlʼro,764,72,CR138,,,Tommy McGinty,Johnson Edwards
land and water,shore of lake,man mbe,,,Tommy McGinty and Johnson Edwards (Selkirk Indian Language Noun Dictionary 1977),,lake,ddhaw tthétʼáʼ dohonéténʼ,765,72,CR138,,,Tommy McGinty,Johnson Edwards
land and water,shore of lake,man tambe,,,Tommy McGinty and Johnson Edwards (Selkirk Indian Language Noun Dictionary 1977),,lake,ddhaw handat,766,72,CR138,,,Tommy McGinty,Johnson Edwards
land and water,meadow,tlʼo ka,,,Tommy McGinty and Johnson Edwards (Selkirk Indian Language Noun Dictionary 1977),,,ddhaw kʼák,767,72,,,,Tommy McGinty,Johnson Edwards
land and water,mountain,ddhaw,,,Tommy McGinty and Johnson Edwards (Selkirk Indian Language Noun Dictionary 1977),,mountain,ddhaw nechʼaga,768,72,,,,Tommy McGinty,Johnson Edwards
land and water,bald mountain,ddhaw intlʼro,,,Tommy McGinty and Johnson Edwards (Selkirk Indian Language Noun Dictionary 1977),,mountain,ddhaw gháánʼ,769,72,,,,Tommy McGinty,Johnson Edwards
land and water,fla-top mountain,ddhaw tthétʼáʼ dohonéténʼ,,,Tommy McGinty and Johnson Edwards (Selkirk Indian Language Noun Dictionary 1977),,mountain,hágháánʼ,770,72,,,,Tommy McGinty,Johnson Edwards
land and water,treel-less mountain,ddhaw handat,,,Tommy McGinty and Johnson Edwards (Selkirk Indian Language Noun Dictionary 1977),,mountain,ddhaw kʼáánʼ,771,73,,,,Tommy McGinty,Johnson Edwards
land and water,mountain pass,ddhaw kʼák,,,Tommy McGinty and Johnson Edwards (Selkirk Indian Language Noun Dictionary 1977),,mountain,łyóʼ tthʼáwʼ,772,73,,,,Tommy McGinty,Johnson Edwards
land and water,mountain peak,ddhaw nechʼaga,,,Tommy McGinty and Johnson Edwards (Selkirk Indian Language Noun Dictionary 1977),,mountain,tlʼóshóʼ,773,73,,,,Tommy McGinty,Johnson Edwards
land and water,mountain ridge,ddhaw gháánʼ,,,Tommy McGinty and Johnson Edwards (Selkirk Indian Language Noun Dictionary 1977),,mountain,tlʼózhóʼ,774,73,CR139,,,Tommy McGinty,Johnson Edwards
land and water,mountain ridge,hágháánʼ,,,Tommy McGinty and Johnson Edwards (Selkirk Indian Language Noun Dictionary 1977),,mountain,ʼyáʼ cho,775,73,CR139,,,Tommy McGinty,Johnson Edwards
land and water,mountain ridge,ddhaw kʼáánʼ,,,Tommy McGinty and Johnson Edwards (Selkirk Indian Language Noun Dictionary 1977),,mountain,takaak,776,73,CR139,,,Tommy McGinty,Johnson Edwards
land and water,mud (sticky),łyóʼ tthʼáwʼ,,,Tommy McGinty and Johnson Edwards (Selkirk Indian Language Noun Dictionary 1977),,,daka túʼ ,777,73,,,,Tommy McGinty,Johnson Edwards
land and water,niggerhead,tlʼóshóʼ,,,Tommy McGinty and Johnson Edwards (Selkirk Indian Language Noun Dictionary 1977),clarify what this is,,teka túʼ,778,73,CR140,,,Tommy McGinty,Johnson Edwards
land and water,niggerhead,tlʼózhóʼ,,,Tommy McGinty and Johnson Edwards (Selkirk Indian Language Noun Dictionary 1977),clarify what this is,,tan,779,73,CR140,,,Tommy McGinty,Johnson Edwards
land and water,ocean,ʼyáʼ cho,,,Tommy McGinty and Johnson Edwards (Selkirk Indian Language Noun Dictionary 1977),,,tan,780,73,,,,Tommy McGinty,Johnson Edwards
land and water,open place,takaak,,,Tommy McGinty and Johnson Edwards (Selkirk Indian Language Noun Dictionary 1977),clarify context?,,edelaan,781,73,,,,Tommy McGinty,Johnson Edwards
land and water,overflow,daka túʼ ,,,Tommy McGinty and Johnson Edwards (Selkirk Indian Language Noun Dictionary 1977),,,hudato,782,73,CR141,,,Tommy McGinty,Johnson Edwards
land and water,overflow,teka túʼ,,,Tommy McGinty and Johnson Edwards (Selkirk Indian Language Noun Dictionary 1977),,,tu tadintʼi,783,73,CR141,,,Tommy McGinty,Johnson Edwards
land and water,path,tan,,,Tommy McGinty and Johnson Edwards (Selkirk Indian Language Noun Dictionary 1977),,,tsi,784,73,CR142,,,Tommy McGinty,Johnson Edwards
land and water,trail,tan,,,Tommy McGinty and Johnson Edwards (Selkirk Indian Language Noun Dictionary 1977),,,tsi,785,73,CR142,,,Tommy McGinty,Johnson Edwards
land and water,point on river ,edelaan,,,Tommy McGinty and Johnson Edwards (Selkirk Indian Language Noun Dictionary 1977),,,tagéʼ,786,73,,,,Tommy McGinty,Johnson Edwards
land and water,portage,hudato,,,Tommy McGinty and Johnson Edwards (Selkirk Indian Language Noun Dictionary 1977),,,núndínʼ,787,73,,,,Tommy McGinty,Johnson Edwards
land and water,rapids,tu tadintʼi,,,Tommy McGinty and Johnson Edwards (Selkirk Indian Language Noun Dictionary 1977),,,tagéʼ daak,788,73,,,,Tommy McGinty,Johnson Edwards
land and water,red paint,tsi,,,Tommy McGinty and Johnson Edwards (Selkirk Indian Language Noun Dictionary 1977),,,tagéʼ tlʼadaak mbo daak,789,73,CR143,,,Tommy McGinty,Johnson Edwards
land and water,ochre,tsi,,,Tommy McGinty and Johnson Edwards (Selkirk Indian Language Noun Dictionary 1977),does this just mean colour or dye this colour? Or paint this colour?,,sáánhelin,790,73,CR143,,,Tommy McGinty,Johnson Edwards
land and water,river,tagéʼ,,,Tommy McGinty and Johnson Edwards (Selkirk Indian Language Noun Dictionary 1977),,river,tetlʼaak,791,73,,,,Tommy McGinty,Johnson Edwards
land and water,across river,núndínʼ,,,Tommy McGinty and Johnson Edwards (Selkirk Indian Language Noun Dictionary 1977),,river,tyaak,792,73,,,,Tommy McGinty,Johnson Edwards
land and water,riverbank,tagéʼ daak,,,Tommy McGinty and Johnson Edwards (Selkirk Indian Language Noun Dictionary 1977),,river,tagéʼ de,793,73,CR144,,,Tommy McGinty,Johnson Edwards
land and water,riverbank,tagéʼ tlʼadaak mbo daak,,,Tommy McGinty and Johnson Edwards (Selkirk Indian Language Noun Dictionary 1977),,river,tagéʼ łédlin,794,73,CR144,,,Tommy McGinty,Johnson Edwards
land and water,bend in river,sáánhelin,,,Tommy McGinty and Johnson Edwards (Selkirk Indian Language Noun Dictionary 1977),,river,tagéʼ tlʼaat,795,74,,,,Tommy McGinty,Johnson Edwards
land and water,bottom of river,tetlʼaak,,,Tommy McGinty and Johnson Edwards (Selkirk Indian Language Noun Dictionary 1977),,river,tagéʼ dechaak,796,74,CR145,,,Tommy McGinty,Johnson Edwards
land and water,bottom of river,tyaak,,,Tommy McGinty and Johnson Edwards (Selkirk Indian Language Noun Dictionary 1977),,river,tadatthʼan,797,74,CR145,,,Tommy McGinty,Johnson Edwards
land and water,downriver,tagéʼ de,,,Tommy McGinty and Johnson Edwards (Selkirk Indian Language Noun Dictionary 1977),,river,tagéʼ nday,798,74,,,,Tommy McGinty,Johnson Edwards
land and water,fork in river,tagéʼ łédlin,,,Tommy McGinty and Johnson Edwards (Selkirk Indian Language Noun Dictionary 1977),,river,tthi,799,74,,,,Tommy McGinty,Johnson Edwards
land and water,head of river,tagéʼ tlʼaat,,,Tommy McGinty and Johnson Edwards (Selkirk Indian Language Noun Dictionary 1977),,river,tthi te,800,74,,,,Tommy McGinty,Johnson Edwards
land and water,mouth of river,tagéʼ dechaak,,,Tommy McGinty and Johnson Edwards (Selkirk Indian Language Noun Dictionary 1977),,river,tetthʼo,801,74,,,,Tommy McGinty,Johnson Edwards
land and water,narrow place on river,tadatthʼan,,,Tommy McGinty and Johnson Edwards (Selkirk Indian Language Noun Dictionary 1977),,river,the,802,74,,,,Tommy McGinty,Johnson Edwards
land and water,upriver,tagéʼ nday,,,Tommy McGinty and Johnson Edwards (Selkirk Indian Language Noun Dictionary 1977),,river,the ddhyát,803,74,,,,Tommy McGinty,Johnson Edwards
land and water,rock,tthi,,,Tommy McGinty and Johnson Edwards (Selkirk Indian Language Noun Dictionary 1977),,,the ndu,804,74,,,,Tommy McGinty,Johnson Edwards
land and water,rocky place,tthi te,,,Tommy McGinty and Johnson Edwards (Selkirk Indian Language Noun Dictionary 1977),,,tambe,805,74,,,,Tommy McGinty,Johnson Edwards
land and water,rock slide,tetthʼo,,,Tommy McGinty and Johnson Edwards (Selkirk Indian Language Noun Dictionary 1977),,,ukʼetsʼohodeden,806,74,,,,Tommy McGinty,Johnson Edwards
land and water,sand,the,,,Tommy McGinty and Johnson Edwards (Selkirk Indian Language Noun Dictionary 1977),,,tan géʼ hotsʼedinʼin,807,74,,,,Tommy McGinty,Johnson Edwards
land and water,fine sand,the ddhyát,,,Tommy McGinty and Johnson Edwards (Selkirk Indian Language Noun Dictionary 1977),,,tan géʼ hotsʼedinʼin,808,74,,,,Tommy McGinty,Johnson Edwards
land and water,sandbar,the ndu,,,Tommy McGinty and Johnson Edwards (Selkirk Indian Language Noun Dictionary 1977),,,teʼe,809,74,,,,Tommy McGinty,Johnson Edwards
land and water,shore,tambe,,,Tommy McGinty and Johnson Edwards (Selkirk Indian Language Noun Dictionary 1977),,,teheʼe,810,74,,,,Tommy McGinty,Johnson Edwards
land and water,shortcut,ukʼetsʼohodeden,,,Tommy McGinty and Johnson Edwards (Selkirk Indian Language Noun Dictionary 1977),clarify context?,,tédlínʼ,811,74,,,,Tommy McGinty,Johnson Edwards
land and water,sign,tan géʼ hotsʼedinʼin,,,Tommy McGinty and Johnson Edwards (Selkirk Indian Language Noun Dictionary 1977),,,tezru,812,74,CR146,,,Tommy McGinty,Johnson Edwards
land and water,marker,tan géʼ hotsʼedinʼin,,,Tommy McGinty and Johnson Edwards (Selkirk Indian Language Noun Dictionary 1977),,,ʼráʼ,813,74,CR146,,,Tommy McGinty,Johnson Edwards
land and water,slough,teʼe,,,Tommy McGinty and Johnson Edwards (Selkirk Indian Language Noun Dictionary 1977),,,tu tlyat,814,74,CR147,,,Tommy McGinty,Johnson Edwards
land and water,slough,teheʼe,,,Tommy McGinty and Johnson Edwards (Selkirk Indian Language Noun Dictionary 1977),,,tsʼok néshen,815,74,CR147,,,Tommy McGinty,Johnson Edwards
land and water,spring (water),tédlínʼ,,,Tommy McGinty and Johnson Edwards (Selkirk Indian Language Noun Dictionary 1977),,,tthʼimbe,816,74,,,,Tommy McGinty,Johnson Edwards
land and water,steam (from kettle),tezru,,,Tommy McGinty and Johnson Edwards (Selkirk Indian Language Noun Dictionary 1977),,,tan,817,74,,see21,,Tommy McGinty,Johnson Edwards
land and water,steam (on river),ʼráʼ,,,Tommy McGinty and Johnson Edwards (Selkirk Indian Language Noun Dictionary 1977),,,dlu tan,818,74,,see21,,Tommy McGinty,Johnson Edwards
land and water,swampy place,tu tlyat,,,Tommy McGinty and Johnson Edwards (Selkirk Indian Language Noun Dictionary 1977),,,khyá tan,819,75,,,,Tommy McGinty,Johnson Edwards
land and water,timber (stand),tsʼok néshen,,,Tommy McGinty and Johnson Edwards (Selkirk Indian Language Noun Dictionary 1977),should be tsʼók?,,intlʼa,820,75,,,,Tommy McGinty,Johnson Edwards
land and water,timberline,tthʼimbe,,,Tommy McGinty and Johnson Edwards (Selkirk Indian Language Noun Dictionary 1977),,,etlʼaat,821,75,,,,Tommy McGinty,Johnson Edwards
land and water,trail,tan,,,Tommy McGinty and Johnson Edwards (Selkirk Indian Language Noun Dictionary 1977),,,tu,822,75,,,,Tommy McGinty,Johnson Edwards
land and water,toboggan trail,dlu tan,,,Tommy McGinty and Johnson Edwards (Selkirk Indian Language Noun Dictionary 1977),,,tu dzen elin,823,75,,,,Tommy McGinty,Johnson Edwards
land and water,trapline,khyá tan,,,Tommy McGinty and Johnson Edwards (Selkirk Indian Language Noun Dictionary 1977),,,tu detsʼínʼ,824,75,,,,Tommy McGinty,Johnson Edwards
land and water,valley,intlʼa,,,Tommy McGinty and Johnson Edwards (Selkirk Indian Language Noun Dictionary 1977),,,tu denintsʼak hínlin,825,75,CR148,,,Tommy McGinty,Johnson Edwards
land and water,valley,etlʼaat,,,Tommy McGinty and Johnson Edwards (Selkirk Indian Language Noun Dictionary 1977),,,taddhaw,826,75,CR148,,,Tommy McGinty,Johnson Edwards
land and water,water,tu,,,Tommy McGinty and Johnson Edwards (Selkirk Indian Language Noun Dictionary 1977),,water,tu dedéten,827,75,,,,Tommy McGinty,Johnson Edwards
land and water,cloudy water,tu dzen elin,,,Tommy McGinty and Johnson Edwards (Selkirk Indian Language Noun Dictionary 1977),,water,chen túʼ,828,75,,,,Tommy McGinty,Johnson Edwards
land and water,drop of water,tu detsʼínʼ,,,Tommy McGinty and Johnson Edwards (Selkirk Indian Language Noun Dictionary 1977),,water,tu hínlin,829,75,,,,Tommy McGinty,Johnson Edwards
land and water,mineral water,tu denintsʼak hínlin,,,Tommy McGinty and Johnson Edwards (Selkirk Indian Language Noun Dictionary 1977),,water,zha túʼ,830,75,,,,Tommy McGinty,Johnson Edwards
land and water,open water,taddhaw,,,Tommy McGinty and Johnson Edwards (Selkirk Indian Language Noun Dictionary 1977),,water,tu tthʼáwʼ,831,75,,,,Tommy McGinty,Johnson Edwards
land and water,puddle,tu dedéten,,,Tommy McGinty and Johnson Edwards (Selkirk Indian Language Noun Dictionary 1977),,water,tu dzenédélin,832,75,,,,Tommy McGinty,Johnson Edwards
land and water,rain water,chen túʼ,,,Tommy McGinty and Johnson Edwards (Selkirk Indian Language Noun Dictionary 1977),,water,ta,833,75,,,,Tommy McGinty,Johnson Edwards
land and water,rising water,tu hínlin,,,Tommy McGinty and Johnson Edwards (Selkirk Indian Language Noun Dictionary 1977),,water,ta tsʼecho,834,75,,,,Tommy McGinty,Johnson Edwards
land and water,snow water,zha túʼ,,,Tommy McGinty and Johnson Edwards (Selkirk Indian Language Noun Dictionary 1977),,water,tu chʼáák,835,75,,,,Tommy McGinty,Johnson Edwards
land and water,muddy water,tu tthʼáwʼ,,,Tommy McGinty and Johnson Edwards (Selkirk Indian Language Noun Dictionary 1977),,water,nyana,836,75,,,,Tommy McGinty,Johnson Edwards
land and water,waterfall,tu dzenédélin,,,Tommy McGinty and Johnson Edwards (Selkirk Indian Language Noun Dictionary 1977),,,nena,837,75,,,,Tommy McGinty,Johnson Edwards
land and water,waves,ta,,,Tommy McGinty and Johnson Edwards (Selkirk Indian Language Noun Dictionary 1977),,,nyana tʼángyánʼ,838,75,,,,Tommy McGinty,Johnson Edwards
land and water,big waves,ta tsʼecho,,,Tommy McGinty and Johnson Edwards (Selkirk Indian Language Noun Dictionary 1977),,,nyana gúnzáwʼ,839,75,,,,Tommy McGinty,Johnson Edwards
land and water,well,tu chʼáák,,,Tommy McGinty and Johnson Edwards (Selkirk Indian Language Noun Dictionary 1977),clarify water well?,,nyana dhóʼ,840,75,,,,Tommy McGinty,Johnson Edwards
mammals,animal (any),nyana,,,Tommy McGinty and Johnson Edwards (Selkirk Indian Language Noun Dictionary 1977),,,nyana aan,841,76,CR149,,,Tommy McGinty,Johnson Edwards
mammals,animal (any),nena,,,Tommy McGinty and Johnson Edwards (Selkirk Indian Language Noun Dictionary 1977),,,nyana aan,842,76,CR149,,,Tommy McGinty,Johnson Edwards
mammals,animal flesh,nyana tʼángyánʼ,,,Tommy McGinty and Johnson Edwards (Selkirk Indian Language Noun Dictionary 1977),,,nyana díʼ,843,76,CR150,,,Tommy McGinty,Johnson Edwards
mammals,animal flesh,nyana gúnzáwʼ,,,Tommy McGinty and Johnson Edwards (Selkirk Indian Language Noun Dictionary 1977),,,nyana chíʼ,844,76,CR150,,,Tommy McGinty,Johnson Edwards
mammals,animal fur,nyana dhóʼ,,,Tommy McGinty and Johnson Edwards (Selkirk Indian Language Noun Dictionary 1977),,,nyana kyáák,845,76,,,,Tommy McGinty,Johnson Edwards
mammals,animal hole,nyana aan,,,Tommy McGinty and Johnson Edwards (Selkirk Indian Language Noun Dictionary 1977),,,dluan ánedaw,846,76,CR151,,,Tommy McGinty,Johnson Edwards
mammals,anmal den,nyana aan,,,Tommy McGinty and Johnson Edwards (Selkirk Indian Language Noun Dictionary 1977),clarify hole to live in?,,sra,847,76,CR151,,,Tommy McGinty,Johnson Edwards
mammals,animal horn,nyana díʼ,,,Tommy McGinty and Johnson Edwards (Selkirk Indian Language Noun Dictionary 1977),,,sra denétʼro,848,76,,,,Tommy McGinty,Johnson Edwards
mammals,animal tail,nyana chíʼ,,,Tommy McGinty and Johnson Edwards (Selkirk Indian Language Noun Dictionary 1977),,,sra dettho,849,76,,,,Tommy McGinty,Johnson Edwards
mammals,animal tracks,nyana kyáák,,,Tommy McGinty and Johnson Edwards (Selkirk Indian Language Noun Dictionary 1977),,,sra zra,850,76,,,,Tommy McGinty,Johnson Edwards
mammals,bat,dluan ánedaw,,,Tommy McGinty and Johnson Edwards (Selkirk Indian Language Noun Dictionary 1977),,,sra détʼóʼ,851,76,,,,Tommy McGinty,Johnson Edwards
mammals,bear,sra,00513_bear_ttm_Johnson-Edwards_PC_08-09-2023_Selkirk-Noun-Dictionary.wav,,Tommy McGinty and Johnson Edwards (Selkirk Indian Language Noun Dictionary 1977),,bear,sra cho,852,76,,,,Tommy McGinty,Johnson Edwards
mammals,black bear,sra denétʼro,,,Tommy McGinty and Johnson Edwards (Selkirk Indian Language Noun Dictionary 1977),,bear,sra łencho łezhi nédíʼ,853,76,,,,Tommy McGinty,Johnson Edwards
mammals,brown bear,sra dettho,00515_brown-bear_ttm_Johnson-Edwards_PC_08-09-2023_Selkirk-Noun-Dictionary.wav,,Tommy McGinty and Johnson Edwards (Selkirk Indian Language Noun Dictionary 1977),,bear,sra téʼ,854,76,,,,Tommy McGinty,Johnson Edwards
mammals,bear cub,sra zra,00516_baby-bear_ttm_Johnson-Edwards_PC_08-09-2023_Selkirk-Noun-Dictionary.wav,,Tommy McGinty and Johnson Edwards (Selkirk Indian Language Noun Dictionary 1977),,bear,sra degay,855,76,,,,Tommy McGinty,Johnson Edwards
mammals,female bear,sra détʼóʼ,,,Tommy McGinty and Johnson Edwards (Selkirk Indian Language Noun Dictionary 1977),,bear,sra dezayn,856,76,,,,Tommy McGinty,Johnson Edwards
mammals,grizzly bear,sra cho,,,Tommy McGinty and Johnson Edwards (Selkirk Indian Language Noun Dictionary 1977),,bear,tséʼ,857,76,,,,Tommy McGinty,Johnson Edwards
mammals,grizzly bear with 2 or 3 cubs,sra łencho łezhi nédíʼ,,,Tommy McGinty and Johnson Edwards (Selkirk Indian Language Noun Dictionary 1977),,bear,tséʼ dezra,858,76,,,,Tommy McGinty,Johnson Edwards
mammals,make bear,sra téʼ,,,Tommy McGinty and Johnson Edwards (Selkirk Indian Language Noun Dictionary 1977),,bear,tséʼ degay,859,76,,,,Tommy McGinty,Johnson Edwards
mammals,silver-tip bear,sra degay,,,Tommy McGinty and Johnson Edwards (Selkirk Indian Language Noun Dictionary 1977),,bear,tséʼ denintlʼrun,860,76,,,,Tommy McGinty,Johnson Edwards
mammals,small black bear,sra dezayn,,,Tommy McGinty and Johnson Edwards (Selkirk Indian Language Noun Dictionary 1977),,bear,tséʼ cho,861,76,,,,Tommy McGinty,Johnson Edwards
mammals,beaver,tséʼ,00517_beaver_ttm_Johnson-Edwards_PC_08-09-2023_Selkirk-Noun-Dictionary.wav,,Tommy McGinty and Johnson Edwards (Selkirk Indian Language Noun Dictionary 1977),,beaver,tséʼ dende,862,76,,,,Tommy McGinty,Johnson Edwards
mammals,family of beavers,tséʼ dezra,,,Tommy McGinty and Johnson Edwards (Selkirk Indian Language Noun Dictionary 1977),,beaver,tséʼ tadeʼyáʼ,863,76,,,,Tommy McGinty,Johnson Edwards
mammals,albino beaver,tséʼ degay,,,Tommy McGinty and Johnson Edwards (Selkirk Indian Language Noun Dictionary 1977),,beaver,tséʼ kwat,864,77,,,,Tommy McGinty,Johnson Edwards
mammals,blue beaver (rare),tséʼ denintlʼrun,,,Tommy McGinty and Johnson Edwards (Selkirk Indian Language Noun Dictionary 1977),,beaver,tséʼ zra,865,77,,,,Tommy McGinty,Johnson Edwards
mammals,largest beaver,tséʼ cho,,,Tommy McGinty and Johnson Edwards (Selkirk Indian Language Noun Dictionary 1977),,beaver,tséʼ línʼ,866,77,,,,Tommy McGinty,Johnson Edwards
mammals,next-largest beaver (5-6 years old),tséʼ dende,,,Tommy McGinty and Johnson Edwards (Selkirk Indian Language Noun Dictionary 1977),,beaver,tséʼ áwʼ,867,77,,,,Tommy McGinty,Johnson Edwards
mammals,4 year-old beaver,tséʼ tadeʼyáʼ,,,Tommy McGinty and Johnson Edwards (Selkirk Indian Language Noun Dictionary 1977),,beaver,tséʼ deninʼáwʼ,868,77,,,,Tommy McGinty,Johnson Edwards
mammals,2-3 year-old beaver,tséʼ kwat,,,Tommy McGinty and Johnson Edwards (Selkirk Indian Language Noun Dictionary 1977),,beaver,tséʼ kínʼ,869,77,,,,Tommy McGinty,Johnson Edwards
mammals,1 year-old beaver,tséʼ zra,,,Tommy McGinty and Johnson Edwards (Selkirk Indian Language Noun Dictionary 1977),,beaver,hudzi,870,77,,,,Tommy McGinty,Johnson Edwards
mammals,beaver castor,tséʼ línʼ,,,Tommy McGinty and Johnson Edwards (Selkirk Indian Language Noun Dictionary 1977),,beaver,udzi,871,77,,,,Tommy McGinty,Johnson Edwards
mammals,beaver dam,tséʼ áwʼ,00518_beaver-dam_ttm_Johnson-Edwards_PC_08-09-2023_Selkirk-Noun-Dictionary.wav,,Tommy McGinty and Johnson Edwards (Selkirk Indian Language Noun Dictionary 1977),,beaver,hudzi ndróʼ,872,77,CR152,,,Tommy McGinty,Johnson Edwards
mammals,beaver dam,tséʼ deninʼáwʼ,,,Tommy McGinty and Johnson Edwards (Selkirk Indian Language Noun Dictionary 1977),,beaver,hudzi détʼóʼ,873,77,CR152,,,Tommy McGinty,Johnson Edwards
mammals,beaver house,tséʼ kínʼ,,,Tommy McGinty and Johnson Edwards (Selkirk Indian Language Noun Dictionary 1977),,beaver,hudzi cho,874,77,,,,Tommy McGinty,Johnson Edwards
mammals,caribou,hudzi,,,Tommy McGinty and Johnson Edwards (Selkirk Indian Language Noun Dictionary 1977),,caribou,etsók,875,77,CR153,,,Tommy McGinty,Johnson Edwards
mammals,caribou,udzi,00520_caribou_ttm_Johnson-Edwards_PC_08-09-2023_Selkirk-Noun-Dictionary.wav,,Tommy McGinty and Johnson Edwards (Selkirk Indian Language Noun Dictionary 1977),,caribou,dezhú,876,77,CR153,,,Tommy McGinty,Johnson Edwards
mammals,caribou herd,hudzi ndróʼ,,,Tommy McGinty and Johnson Edwards (Selkirk Indian Language Noun Dictionary 1977),,caribou,hudzi zra,877,77,,,,Tommy McGinty,Johnson Edwards
mammals,female caribou,hudzi détʼóʼ,,,Tommy McGinty and Johnson Edwards (Selkirk Indian Language Noun Dictionary 1977),,caribou,detsyak,878,77,,,,Tommy McGinty,Johnson Edwards
mammals,largest caribou,hudzi cho,,,Tommy McGinty and Johnson Edwards (Selkirk Indian Language Noun Dictionary 1977),,caribou,hudzi dedétsʼyáʼ,879,77,,,,Tommy McGinty,Johnson Edwards
mammals,second largest caribou,etsók,,,Tommy McGinty and Johnson Edwards (Selkirk Indian Language Noun Dictionary 1977),I changed the EN to be clearer - would it be hudzi etsók?,caribou,tlin,880,77,,,,Tommy McGinty,Johnson Edwards
mammals,next largest caribou,dezhú,,,Tommy McGinty and Johnson Edwards (Selkirk Indian Language Noun Dictionary 1977),I changed the EN to be clearer - would it be hudzi dezhú?,caribou,tlin tsʼíʼ,881,77,,,,Tommy McGinty,Johnson Edwards
mammals,smallest caribou,hudzi zra,,,Tommy McGinty and Johnson Edwards (Selkirk Indian Language Noun Dictionary 1977),,caribou,tlin shen,882,77,CR154,,,Tommy McGinty,Johnson Edwards
mammals,smallest caribou,detsyak,,,Tommy McGinty and Johnson Edwards (Selkirk Indian Language Noun Dictionary 1977),,caribou,tlin shaan,883,77,CR154,,,Tommy McGinty,Johnson Edwards
mammals,running caribou,hudzi dedétsʼyáʼ,,,Tommy McGinty and Johnson Edwards (Selkirk Indian Language Noun Dictionary 1977),,caribou,tlin zra,884,77,,,,Tommy McGinty,Johnson Edwards
mammals,dog,tlin,,,Tommy McGinty and Johnson Edwards (Selkirk Indian Language Noun Dictionary 1977),,dog,tlina,885,77,,,,Tommy McGinty,Johnson Edwards
mammals,bitch (dog),tlin tsʼíʼ,,,Tommy McGinty and Johnson Edwards (Selkirk Indian Language Noun Dictionary 1977),I changed the EN to be clearer,dog,nuntthi,886,77,,,,Tommy McGinty,Johnson Edwards
mammals,old dog,tlin shen,,,Tommy McGinty and Johnson Edwards (Selkirk Indian Language Noun Dictionary 1977),,dog,nuntthi denétʼro,887,77,CR155,,,Tommy McGinty,Johnson Edwards
mammals,old dog,tlin shaan,,,Tommy McGinty and Johnson Edwards (Selkirk Indian Language Noun Dictionary 1977),,dog,kekáák detʼaw,888,77,CR155,,,Tommy McGinty,Johnson Edwards
mammals,pup,tlin zra,,,Tommy McGinty and Johnson Edwards (Selkirk Indian Language Noun Dictionary 1977),,dog,zekʼaan,889,78,CR156,,,Tommy McGinty,Johnson Edwards
mammals,pup,tlina,,,Tommy McGinty and Johnson Edwards (Selkirk Indian Language Noun Dictionary 1977),,dog,nuntthi kádegay,890,78,CR156,,,Tommy McGinty,Johnson Edwards
mammals,fox,nuntthi,00523_fox_ttm_Johnson-Edwards_PC_08-09-2023_Selkirk-Noun-Dictionary.wav,,Tommy McGinty and Johnson Edwards (Selkirk Indian Language Noun Dictionary 1977),,fox,nuntthi dekʼaw,891,78,,,,Tommy McGinty,Johnson Edwards
mammals,black fox,nuntthi denétʼro,,,Tommy McGinty and Johnson Edwards (Selkirk Indian Language Noun Dictionary 1977),,fox,dendi,892,78,,,,Tommy McGinty,Johnson Edwards
mammals,dark cross fox,kekáák detʼaw,,,Tommy McGinty and Johnson Edwards (Selkirk Indian Language Noun Dictionary 1977),,fox,tsaw,893,78,,,,Tommy McGinty,Johnson Edwards
mammals,red fox,zekʼaan,,,Tommy McGinty and Johnson Edwards (Selkirk Indian Language Noun Dictionary 1977),,fox,néde,894,78,,,,Tommy McGinty,Johnson Edwards
mammals,silver-grey fox,nuntthi kádegay,,,Tommy McGinty and Johnson Edwards (Selkirk Indian Language Noun Dictionary 1977),,fox,néde denintlʼrun,895,78,,,,Tommy McGinty,Johnson Edwards
mammals,white fox,nuntthi dekʼaw,,,Tommy McGinty and Johnson Edwards (Selkirk Indian Language Noun Dictionary 1977),,fox,néde dettho,896,78,,,,Tommy McGinty,Johnson Edwards
mammals,groundhog,dendi,,,Tommy McGinty and Johnson Edwards (Selkirk Indian Language Noun Dictionary 1977),,,néde ukádegay,897,78,,,,Tommy McGinty,Johnson Edwards
mammals,gopher,tsaw,,,Tommy McGinty and Johnson Edwards (Selkirk Indian Language Noun Dictionary 1977),,,néde ukádettho,898,78,,,,Tommy McGinty,Johnson Edwards
mammals,lynx,néde,,,Tommy McGinty and Johnson Edwards (Selkirk Indian Language Noun Dictionary 1977),,lynx,néde denindlyóʼ,899,78,,,,Tommy McGinty,Johnson Edwards
mammals,blue lynx (rare),néde denintlʼrun,,,Tommy McGinty and Johnson Edwards (Selkirk Indian Language Noun Dictionary 1977),,lynx,nuntʼínʼ,900,78,,,,Tommy McGinty,Johnson Edwards
mammals,brown lynx,néde dettho,,,Tommy McGinty and Johnson Edwards (Selkirk Indian Language Noun Dictionary 1977),,lynx,nuntʼínʼ denétʼro,901,78,,,,Tommy McGinty,Johnson Edwards
mammals,grey lynx,néde ukádegay,,,Tommy McGinty and Johnson Edwards (Selkirk Indian Language Noun Dictionary 1977),,lynx,nuntʼínʼ detʼaw,902,78,,,,Tommy McGinty,Johnson Edwards
mammals,light brown lynx,néde ukádettho,,,Tommy McGinty and Johnson Edwards (Selkirk Indian Language Noun Dictionary 1977),,lynx,tedhoga,903,78,,,,Tommy McGinty,Johnson Edwards
mammals,silver-top lynx,néde denindlyóʼ,,,Tommy McGinty and Johnson Edwards (Selkirk Indian Language Noun Dictionary 1977),,lynx,tedrua,904,78,,,,Tommy McGinty,Johnson Edwards
mammals,marten,nuntʼínʼ,,,Tommy McGinty and Johnson Edwards (Selkirk Indian Language Noun Dictionary 1977),,marten,tedhoga denétʼro,905,78,,,,Tommy McGinty,Johnson Edwards
mammals,black marten (rare),nuntʼínʼ denétʼro,,,Tommy McGinty and Johnson Edwards (Selkirk Indian Language Noun Dictionary 1977),,marten,tedhoga dettho,906,78,,,,Tommy McGinty,Johnson Edwards
mammals,brown marten,nuntʼínʼ detʼaw,,,Tommy McGinty and Johnson Edwards (Selkirk Indian Language Noun Dictionary 1977),,marten,dendyák,907,78,,,,Tommy McGinty,Johnson Edwards
mammals,mink,tedhoga,,,Tommy McGinty and Johnson Edwards (Selkirk Indian Language Noun Dictionary 1977),,mink,denyák,908,78,CR157,,,Tommy McGinty,Johnson Edwards
mammals,mink,tedrua,,,Tommy McGinty and Johnson Edwards (Selkirk Indian Language Noun Dictionary 1977),,mink,dendyák cho,909,78,CR157,,,Tommy McGinty,Johnson Edwards
mammals,black mink,tedhoga denétʼro,,,Tommy McGinty and Johnson Edwards (Selkirk Indian Language Noun Dictionary 1977),,mink,ténʼ zraan,910,78,,,,Tommy McGinty,Johnson Edwards
mammals,brown mink,tedhoga dettho,,,Tommy McGinty and Johnson Edwards (Selkirk Indian Language Noun Dictionary 1977),,mink,detsik,911,78,,,,Tommy McGinty,Johnson Edwards
mammals,moose,dendyák,,,Tommy McGinty and Johnson Edwards (Selkirk Indian Language Noun Dictionary 1977),,moose,dezra,912,78,CR158,,,Tommy McGinty,Johnson Edwards
mammals,moose,denyák,,,Tommy McGinty and Johnson Edwards (Selkirk Indian Language Noun Dictionary 1977),,moose,dluan,913,78,CR158,,,Tommy McGinty,Johnson Edwards
mammals,largest bull moose,dendyák cho,,,Tommy McGinty and Johnson Edwards (Selkirk Indian Language Noun Dictionary 1977),changed EN to be clearer,moose,dlúnʼ,914,78,,,,Tommy McGinty,Johnson Edwards
mammals,next largest bull moose,ténʼ zraan,,,Tommy McGinty and Johnson Edwards (Selkirk Indian Language Noun Dictionary 1977),I changed the EN to be clearer - wouild it be denyák ténʼ zraan?,moose,dluan tsin ndo,915,79,,,,Tommy McGinty,Johnson Edwards
mammals,moose calf,detsik,,,Tommy McGinty and Johnson Edwards (Selkirk Indian Language Noun Dictionary 1977),changed EN to be clearer,moose,dzana,916,79,,,,Tommy McGinty,Johnson Edwards
mammals,moose cow,dezra,,,Tommy McGinty and Johnson Edwards (Selkirk Indian Language Noun Dictionary 1977),changed EN to be clearer,moose,króde,917,79,,,,Tommy McGinty,Johnson Edwards
mammals,mouse,dluan,,,Tommy McGinty and Johnson Edwards (Selkirk Indian Language Noun Dictionary 1977),,mouse,tthi dlína,918,79,CR159,,,Tommy McGinty,Johnson Edwards
mammals,mouse,dlúnʼ,,,Tommy McGinty and Johnson Edwards (Selkirk Indian Language Noun Dictionary 1977),,mouse,dechʼok,919,79,CR159,,,Tommy McGinty,Johnson Edwards
mammals,mouse with long nose and ears,dluan tsin ndo,,,Tommy McGinty and Johnson Edwards (Selkirk Indian Language Noun Dictionary 1977),,mouse,dechʼok chʼóʼ,920,79,,,,Tommy McGinty,Johnson Edwards
mammals,muskrat,dzana,,,Tommy McGinty and Johnson Edwards (Selkirk Indian Language Noun Dictionary 1977),,,ge,921,79,,,,Tommy McGinty,Johnson Edwards
mammals,otter,króde,,,Tommy McGinty and Johnson Edwards (Selkirk Indian Language Noun Dictionary 1977),,,mbak,922,79,,,,Tommy McGinty,Johnson Edwards
mammals,pika,tthi dlína,,,Tommy McGinty and Johnson Edwards (Selkirk Indian Language Noun Dictionary 1977),,,mbak détʼóʼ,923,79,,,,Tommy McGinty,Johnson Edwards
mammals,porcupine,dechʼok,,,Tommy McGinty and Johnson Edwards (Selkirk Indian Language Noun Dictionary 1977),,porcupine,mbak zra,924,79,,,,Tommy McGinty,Johnson Edwards
mammals,porcupine quills,dechʼok chʼóʼ,,,Tommy McGinty and Johnson Edwards (Selkirk Indian Language Noun Dictionary 1977),,porcupine,sezhaan cho,925,79,,,,Tommy McGinty,Johnson Edwards
mammals,rabbit ,ge,,,Tommy McGinty and Johnson Edwards (Selkirk Indian Language Noun Dictionary 1977),,,mbak dezhu,926,79,,,,Tommy McGinty,Johnson Edwards
mammals,sheep,mbak,,,Tommy McGinty and Johnson Edwards (Selkirk Indian Language Noun Dictionary 1977),,,ezhunshíʼ,927,79,,,,Tommy McGinty,Johnson Edwards
mammals,female sheep,mbak détʼóʼ,,,Tommy McGinty and Johnson Edwards (Selkirk Indian Language Noun Dictionary 1977),,sheep,dlák,928,79,,,,Tommy McGinty,Johnson Edwards
mammals,lamb,mbak zra,,,Tommy McGinty and Johnson Edwards (Selkirk Indian Language Noun Dictionary 1977),,sheep,nembia,929,79,,,,Tommy McGinty,Johnson Edwards
mammals,largest ram,sezhaan cho,,,Tommy McGinty and Johnson Edwards (Selkirk Indian Language Noun Dictionary 1977),clarify itʼs the animal?,sheep,nehmbia,930,79,,,,Tommy McGinty,Johnson Edwards
mammals,next largest ram,mbak dezhu,,,Tommy McGinty and Johnson Edwards (Selkirk Indian Language Noun Dictionary 1977),changed the EN to be clearer,sheep,egay,931,79,,,,Tommy McGinty,Johnson Edwards
mammals,goat,ezhunshíʼ,,,Tommy McGinty and Johnson Edwards (Selkirk Indian Language Noun Dictionary 1977),,,egay mbéʼ,932,79,,,,Tommy McGinty,Johnson Edwards
mammals,squirrel,dlák,,,Tommy McGinty and Johnson Edwards (Selkirk Indian Language Noun Dictionary 1977),,,egay ndróʼ,933,79,,,,Tommy McGinty,Johnson Edwards
mammals,weasel,nembia,,,Tommy McGinty and Johnson Edwards (Selkirk Indian Language Noun Dictionary 1977),,,néye,934,79,CR160,,,Tommy McGinty,Johnson Edwards
mammals,weasel,nehmbia,,,Tommy McGinty and Johnson Edwards (Selkirk Indian Language Noun Dictionary 1977),,,łyák tʼi,935,79,CR160,,,Tommy McGinty,Johnson Edwards
mammals,wolf,egay,,,Tommy McGinty and Johnson Edwards (Selkirk Indian Language Noun Dictionary 1977),,wolf,łéketʼi,936,79,,,,Tommy McGinty,Johnson Edwards
mammals,pack of wolves,egay mbéʼ,,,Tommy McGinty and Johnson Edwards (Selkirk Indian Language Noun Dictionary 1977),,wolf,tádetʼi,937,79,,,,Tommy McGinty,Johnson Edwards
mammals,pack of wolves,egay ndróʼ,,,Tommy McGinty and Johnson Edwards (Selkirk Indian Language Noun Dictionary 1977),,wolf,łíntʼi,938,79,,,,Tommy McGinty,Johnson Edwards
mammals,wolverine,néye,,,Tommy McGinty and Johnson Edwards (Selkirk Indian Language Noun Dictionary 1977),,,ulákʼo,939,79,,,,Tommy McGinty,Johnson Edwards
numerals,one,łyák tʼi,,,Tommy McGinty and Johnson Edwards (Selkirk Indian Language Noun Dictionary 1977),,,ulákʼo łéketʼi,940,80,,,,Tommy McGinty,Johnson Edwards
numerals,two,łéketʼi,,,Tommy McGinty and Johnson Edwards (Selkirk Indian Language Noun Dictionary 1977),,,dekʼáána,941,80,,,,Tommy McGinty,Johnson Edwards
numerals,three,tádetʼi,,,Tommy McGinty and Johnson Edwards (Selkirk Indian Language Noun Dictionary 1977),,,Łuʼaana hotʼyánʼ,942,80,,,,Tommy McGinty,Johnson Edwards
numerals,four,łíntʼi,,,Tommy McGinty and Johnson Edwards (Selkirk Indian Language Noun Dictionary 1977),,,dan hodyáʼ,943,80,,,,Tommy McGinty,Johnson Edwards
numerals,five,ulákʼo,,,Tommy McGinty and Johnson Edwards (Selkirk Indian Language Noun Dictionary 1977),,,dan hodyáʼ,944,80,,,,Tommy McGinty,Johnson Edwards
numerals,ten,ulákʼo łéketʼi,,,Tommy McGinty and Johnson Edwards (Selkirk Indian Language Noun Dictionary 1977),,,dan héki,945,80,,,,Tommy McGinty,Johnson Edwards
people,boy,dekʼáána,,,Tommy McGinty and Johnson Edwards (Selkirk Indian Language Noun Dictionary 1977),,,dan hanozhíʼ,946,81,,,,Tommy McGinty,Johnson Edwards
people,Burwash people,Łuʼaana hotʼyánʼ,,,Tommy McGinty and Johnson Edwards (Selkirk Indian Language Noun Dictionary 1977),,people from a specific place,Elróʼ,947,81,,,,Tommy McGinty,Johnson Edwards
people,cannibal,dan hodyáʼ,,,Tommy McGinty and Johnson Edwards (Selkirk Indian Language Noun Dictionary 1977),,,Adáka yéndyáʼ,948,81,CR161,,,Tommy McGinty,Johnson Edwards
people,man-eater,dan hodyáʼ,,,Tommy McGinty and Johnson Edwards (Selkirk Indian Language Noun Dictionary 1977),,,Tsʼekʼi,949,81,CR161,,,Tommy McGinty,Johnson Edwards
people,chief,dan héki,,,Tommy McGinty and Johnson Edwards (Selkirk Indian Language Noun Dictionary 1977),,,Handyáát,950,81,CR162,,,Tommy McGinty,Johnson Edwards
people,chief,dan hanozhíʼ,,,Tommy McGinty and Johnson Edwards (Selkirk Indian Language Noun Dictionary 1977),,,Ezhaan,951,81,CR162,,,Tommy McGinty,Johnson Edwards
people,Coast Indian,Elróʼ,,,Tommy McGinty and Johnson Edwards (Selkirk Indian Language Noun Dictionary 1977),,people from a specific place,Enakay,952,81,,,,Tommy McGinty,Johnson Edwards
people,Coast woman,Adáka yéndyáʼ,,,Tommy McGinty and Johnson Edwards (Selkirk Indian Language Noun Dictionary 1977),,people from a specific place,ayéndyáʼ zra,953,81,,,,Tommy McGinty,Johnson Edwards
people,Crow (Clan),Tsʼekʼi,,,Tommy McGinty and Johnson Edwards (Selkirk Indian Language Noun Dictionary 1977),I added ʼclanʼ to the EN  - is that correct?,,tsʼetʼyan,954,81,CR163,,,Tommy McGinty,Johnson Edwards
people,Crow (Clan),Handyáát,,,Tommy McGinty and Johnson Edwards (Selkirk Indian Language Noun Dictionary 1977),,,dunyána,955,81,CR163,,,Tommy McGinty,Johnson Edwards
people,Dawson people,Ezhaan,,,Tommy McGinty and Johnson Edwards (Selkirk Indian Language Noun Dictionary 1977),,people from a specific place,Tatlʼaat hotʼyánʼ,956,81,,,,Tommy McGinty,Johnson Edwards
people,Eskimo,Enakay,,,Tommy McGinty and Johnson Edwards (Selkirk Indian Language Noun Dictionary 1977),change wording?,people from a specific place,dan,957,81,,,,Tommy McGinty,Johnson Edwards
people,girl,ayéndyáʼ zra,,,Tommy McGinty and Johnson Edwards (Selkirk Indian Language Noun Dictionary 1977),,,dan,958,81,,,,Tommy McGinty,Johnson Edwards
people,girl who just became a woman,tsʼetʼyan,,,Tommy McGinty and Johnson Edwards (Selkirk Indian Language Noun Dictionary 1977),I changed the EN to be clearer,,dekʼáánʼ,959,81,,,,Tommy McGinty,Johnson Edwards
people,kids,dunyána,,,Tommy McGinty and Johnson Edwards (Selkirk Indian Language Noun Dictionary 1977),,,gálin,960,81,,,,Tommy McGinty,Johnson Edwards
people,Loucheux people,Tatlʼaat hotʼyánʼ,,,Tommy McGinty and Johnson Edwards (Selkirk Indian Language Noun Dictionary 1977),,people from a specific place,Necho hotʼyánʼ,961,81,,,,Tommy McGinty,Johnson Edwards
people,man,dan,,,Tommy McGinty and Johnson Edwards (Selkirk Indian Language Noun Dictionary 1977),,man,dan dezhan,962,81,CR164,,,Tommy McGinty,Johnson Edwards
people,person,dan,,,Tommy McGinty and Johnson Edwards (Selkirk Indian Language Noun Dictionary 1977),,,khyóʼ etʼin,963,81,CR164,,,Tommy McGinty,Johnson Edwards
people,male,dekʼáánʼ,,,Tommy McGinty and Johnson Edwards (Selkirk Indian Language Noun Dictionary 1977),clarify - does this have to apply to a person?,man,zhaak etʼin,964,81,,,,Tommy McGinty,Johnson Edwards
people,old man,gálin,,,Tommy McGinty and Johnson Edwards (Selkirk Indian Language Noun Dictionary 1977),,man,gékhi,965,81,,,,Tommy McGinty,Johnson Edwards
people,Mayo people,Necho hotʼyánʼ,,,Tommy McGinty and Johnson Edwards (Selkirk Indian Language Noun Dictionary 1977),,people from a specific place,gékhi cho,966,81,,,,Tommy McGinty,Johnson Edwards
people,medicine man,dan dezhan,,,Tommy McGinty and Johnson Edwards (Selkirk Indian Language Noun Dictionary 1977),,,tsʼinki,967,81,CR165,,,Tommy McGinty,Johnson Edwards
people,medicine man,khyóʼ etʼin,,,Tommy McGinty and Johnson Edwards (Selkirk Indian Language Noun Dictionary 1977),,,tthinte,968,81,CR165,,,Tommy McGinty,Johnson Edwards
people,medicine man,zhaak etʼin,,,Tommy McGinty and Johnson Edwards (Selkirk Indian Language Noun Dictionary 1977),,,dlíʼ,969,82,CR165,,,Tommy McGinty,Johnson Edwards
people,minister,gékhi,,,Tommy McGinty and Johnson Edwards (Selkirk Indian Language Noun Dictionary 1977),,,dan tekedede,970,82,,,,Tommy McGinty,Johnson Edwards
people,Bishop,gékhi cho,,,Tommy McGinty and Johnson Edwards (Selkirk Indian Language Noun Dictionary 1977),,,egyáʼ,971,82,,,,Tommy McGinty,Johnson Edwards
people,old timers,tsʼinki,,,Tommy McGinty and Johnson Edwards (Selkirk Indian Language Noun Dictionary 1977),,,Kʼálat hotʼyánʼ,972,82,,,,Tommy McGinty,Johnson Edwards
people,orphan,tthinte,,,Tommy McGinty and Johnson Edwards (Selkirk Indian Language Noun Dictionary 1977),,,hande,973,82,,,,Tommy McGinty,Johnson Edwards
people,policeman,dlíʼ,,,Tommy McGinty and Johnson Edwards (Selkirk Indian Language Noun Dictionary 1977),,,Natʼazha hotʼyánʼ,974,82,,,,Tommy McGinty,Johnson Edwards
people,poor person,dan tekedede,,,Tommy McGinty and Johnson Edwards (Selkirk Indian Language Noun Dictionary 1977),,,dan námbéʼ,975,82,,,,Tommy McGinty,Johnson Edwards
people,prostitute,egyáʼ,,,Tommy McGinty and Johnson Edwards (Selkirk Indian Language Noun Dictionary 1977),change wording?,,Dzan to hotʼyánʼ,976,82,,,,Tommy McGinty,Johnson Edwards
people,Ross River people,Kʼálat hotʼyánʼ,,,Tommy McGinty and Johnson Edwards (Selkirk Indian Language Noun Dictionary 1977),,people from a specific place,Łuntʼyan,977,82,,,,Tommy McGinty,Johnson Edwards
people,slave,hande,,,Tommy McGinty and Johnson Edwards (Selkirk Indian Language Noun Dictionary 1977),,,kʼotʼyan,978,82,,,,Tommy McGinty,Johnson Edwards
people,Snag people,Natʼazha hotʼyánʼ,,,Tommy McGinty and Johnson Edwards (Selkirk Indian Language Noun Dictionary 1977),,people from a specific place,ayéndyáʼ tthinte,979,82,,,,Tommy McGinty,Johnson Edwards
people,soldier,dan námbéʼ,,,Tommy McGinty and Johnson Edwards (Selkirk Indian Language Noun Dictionary 1977),,,Egay,980,82,,,,Tommy McGinty,Johnson Edwards
people,Tanana people,Dzan to hotʼyánʼ,,,Tommy McGinty and Johnson Edwards (Selkirk Indian Language Noun Dictionary 1977),,people from a specific place,Hagunde,981,82,,,,Tommy McGinty,Johnson Edwards
people,Whitehorse people,Łuntʼyan,,,Tommy McGinty and Johnson Edwards (Selkirk Indian Language Noun Dictionary 1977),,people from a specific place,ayéndyáʼ,982,82,,,,Tommy McGinty,Johnson Edwards
people,Whiteman,kʼotʼyan,,,Tommy McGinty and Johnson Edwards (Selkirk Indian Language Noun Dictionary 1977),,,tsʼándóʼ shaan,983,82,,,,Tommy McGinty,Johnson Edwards
people,widow,ayéndyáʼ tthinte,,,Tommy McGinty and Johnson Edwards (Selkirk Indian Language Noun Dictionary 1977),,woman,ayéndyáʼ chan,984,82,,,,Tommy McGinty,Johnson Edwards
people,Wolf (Clan),Egay,,,Tommy McGinty and Johnson Edwards (Selkirk Indian Language Noun Dictionary 1977),,,utéʼ,985,82,,,,Tommy McGinty,Johnson Edwards
people,Wolf (Clan),Hagunde,,,Tommy McGinty and Johnson Edwards (Selkirk Indian Language Noun Dictionary 1977),,,une,986,82,,,,Tommy McGinty,Johnson Edwards
people,woman,ayéndyáʼ,,,Tommy McGinty and Johnson Edwards (Selkirk Indian Language Noun Dictionary 1977),,woman,utsíʼ,987,82,,,,Tommy McGinty,Johnson Edwards
people,old woman,tsʼándóʼ shaan,,,Tommy McGinty and Johnson Edwards (Selkirk Indian Language Noun Dictionary 1977),,woman,utsun,988,82,,,,Tommy McGinty,Johnson Edwards
people,young woman,ayéndyáʼ chan,,,Tommy McGinty and Johnson Edwards (Selkirk Indian Language Noun Dictionary 1977),,woman,utáyʼ,989,82,,,,Tommy McGinty,Johnson Edwards
relatives,father,-téʼ,,,Tommy McGinty and Johnson Edwards (Selkirk Indian Language Noun Dictionary 1977),,,utáya,990,83,,,,Tommy McGinty,Johnson Edwards
relatives,mother,-ne,,,Tommy McGinty and Johnson Edwards (Selkirk Indian Language Noun Dictionary 1977),,,undo,991,83,,,,Tommy McGinty,Johnson Edwards
relatives,grandfather,-tsíʼ,,,Tommy McGinty and Johnson Edwards (Selkirk Indian Language Noun Dictionary 1977),"revisit how to CR and ""see"" relatives",,undoa,992,83,,see22,,Tommy McGinty,Johnson Edwards
relatives,grandmother,-tsun,,,Tommy McGinty and Johnson Edwards (Selkirk Indian Language Noun Dictionary 1977),,,umbíʼ,993,83,,see24,,Tommy McGinty,Johnson Edwards
relatives,uncle (fatherʼs brother),-táyʼ,,,Tommy McGinty and Johnson Edwards (Selkirk Indian Language Noun Dictionary 1977),,uncle,unea,994,83,CR166,,,Tommy McGinty,Johnson Edwards
relatives,uncle (fatherʼs brother),-táya,,,Tommy McGinty and Johnson Edwards (Selkirk Indian Language Noun Dictionary 1977),,uncle,utsíʼ,995,83,CR166,,,Tommy McGinty,Johnson Edwards
relatives,uncle (motherʼs brother),-ndo,,,Tommy McGinty and Johnson Edwards (Selkirk Indian Language Noun Dictionary 1977),,uncle,umbíʼ,996,83,CR167,,,Tommy McGinty,Johnson Edwards
relatives,uncle (motherʼs brother),-ndoa,,,Tommy McGinty and Johnson Edwards (Selkirk Indian Language Noun Dictionary 1977),,uncle,utsíʼ,997,83,CR167,,,Tommy McGinty,Johnson Edwards
relatives,aunt (fatherʼs sister),-umbíʼ,,,Tommy McGinty and Johnson Edwards (Selkirk Indian Language Noun Dictionary 1977),,aunt,utsun,998,83,,see23,,Tommy McGinty,Johnson Edwards
relatives,aunt (motherʼs sister),-unea,,,Tommy McGinty and Johnson Edwards (Selkirk Indian Language Noun Dictionary 1977),,aunt,unday,999,83,,,,Tommy McGinty,Johnson Edwards
relatives,father-in-law (man speaking),-tsíʼ,,,Tommy McGinty and Johnson Edwards (Selkirk Indian Language Noun Dictionary 1977),,father-in-law,undaya,1000,83,,see22,,Tommy McGinty,Johnson Edwards
relatives,mother-in-law (man speaking),-mbíʼ,,,Tommy McGinty and Johnson Edwards (Selkirk Indian Language Noun Dictionary 1977),,mother-in-law,unday echo,1001,83,,see23,,Tommy McGinty,Johnson Edwards
relatives,father-in-law (woman speaking),-tsíʼ,,,Tommy McGinty and Johnson Edwards (Selkirk Indian Language Noun Dictionary 1977),,father-in-law,uchaw,1002,83,,see22,,Tommy McGinty,Johnson Edwards
relatives,mother-in-law (woman speaking),-tsun,,,Tommy McGinty and Johnson Edwards (Selkirk Indian Language Noun Dictionary 1977),,mother-in-law,uchawa,1003,83,,see24,,Tommy McGinty,Johnson Edwards
relatives,older brother,-nday,,,Tommy McGinty and Johnson Edwards (Selkirk Indian Language Noun Dictionary 1977),,brother,uchaw hétlʼéʼ,1004,83,CR168,,,Tommy McGinty,Johnson Edwards
relatives,older brother,-ndaya,,,Tommy McGinty and Johnson Edwards (Selkirk Indian Language Noun Dictionary 1977),,brother,undaat,1005,83,CR168,,,Tommy McGinty,Johnson Edwards
relatives,oldest brother,-nday echo,,,Tommy McGinty and Johnson Edwards (Selkirk Indian Language Noun Dictionary 1977),,brother,undaat echo,1006,83,,,,Tommy McGinty,Johnson Edwards
relatives,younger brother,-chaw,,,Tommy McGinty and Johnson Edwards (Selkirk Indian Language Noun Dictionary 1977),,brother,udyóʼ,1007,83,CR169,,,Tommy McGinty,Johnson Edwards
relatives,younger brother,-chawa,,,Tommy McGinty and Johnson Edwards (Selkirk Indian Language Noun Dictionary 1977),,brother,udyóʼ hétlʼéʼ,1008,83,CR169,,,Tommy McGinty,Johnson Edwards
relatives,youngest brother,-chaw hétlʼéʼ,,,Tommy McGinty and Johnson Edwards (Selkirk Indian Language Noun Dictionary 1977),,brother,utsʼáánʼ,1009,83,,,,Tommy McGinty,Johnson Edwards
relatives,older sister,-ndaat,,,Tommy McGinty and Johnson Edwards (Selkirk Indian Language Noun Dictionary 1977),,sister,ugálínʼ,1010,83,,,,Tommy McGinty,Johnson Edwards
relatives,oldest sister,-ndaat echo,,,Tommy McGinty and Johnson Edwards (Selkirk Indian Language Noun Dictionary 1977),,sister,undák,1011,83,,,,Tommy McGinty,Johnson Edwards
relatives,younger sister,-dyóʼ,,,Tommy McGinty and Johnson Edwards (Selkirk Indian Language Noun Dictionary 1977),,sister,undák,1012,84,,,,Tommy McGinty,Johnson Edwards
relatives,youngest sister,-dyóʼ hétlʼéʼ,,,Tommy McGinty and Johnson Edwards (Selkirk Indian Language Noun Dictionary 1977),,sister,ule,1013,84,,,,Tommy McGinty,Johnson Edwards
relatives,wife,-tsʼáánʼ,,,Tommy McGinty and Johnson Edwards (Selkirk Indian Language Noun Dictionary 1977),,,ule,1014,84,,,,Tommy McGinty,Johnson Edwards
relatives,husband,-gálínʼ,,,Tommy McGinty and Johnson Edwards (Selkirk Indian Language Noun Dictionary 1977),,,ule,1015,84,,,,Tommy McGinty,Johnson Edwards
relatives,co-husband,-ndák,,,Tommy McGinty and Johnson Edwards (Selkirk Indian Language Noun Dictionary 1977),,,ule,1016,84,CR170,,,Tommy McGinty,Johnson Edwards
relatives,co-wife,-ndák,,,Tommy McGinty and Johnson Edwards (Selkirk Indian Language Noun Dictionary 1977),,,utsʼándíʼ,1017,84,CR170,,,Tommy McGinty,Johnson Edwards
relatives,his brother-in-law (man speaking),-le,,,Tommy McGinty and Johnson Edwards (Selkirk Indian Language Noun Dictionary 1977),,brother-in-law,uzhi,1018,84,,,,Tommy McGinty,Johnson Edwards
relatives,his sister-in-law (man speaking),-le,,,Tommy McGinty and Johnson Edwards (Selkirk Indian Language Noun Dictionary 1977),,sister-in-law,uzra,1019,84,,,,Tommy McGinty,Johnson Edwards
relatives,her brother-in-law (woman speaking),-le,,,Tommy McGinty and Johnson Edwards (Selkirk Indian Language Noun Dictionary 1977),,brother-in-law,utthi,1020,84,,,,Tommy McGinty,Johnson Edwards
relatives,her sister-in-law (woman speaking),-le,,,Tommy McGinty and Johnson Edwards (Selkirk Indian Language Noun Dictionary 1977),,sister-in-law,utthia,1021,84,CR171,,,Tommy McGinty,Johnson Edwards
relatives,her sister-in-law (woman speaking),-tsʼándíʼ,,,Tommy McGinty and Johnson Edwards (Selkirk Indian Language Noun Dictionary 1977),,sister-in-law,uyetsʼíʼ,1022,84,CR171,,,Tommy McGinty,Johnson Edwards
relatives,his son (man speaking),-zhi,,,Tommy McGinty and Johnson Edwards (Selkirk Indian Language Noun Dictionary 1977),,son,uzhi,1023,84,,see25,,Tommy McGinty,Johnson Edwards
relatives,her son (woman speaking),-zra,,,Tommy McGinty and Johnson Edwards (Selkirk Indian Language Noun Dictionary 1977),,son,umbráʼ,1024,84,,,,Tommy McGinty,Johnson Edwards
relatives,his daughter (man speaking),-tthi,,,Tommy McGinty and Johnson Edwards (Selkirk Indian Language Noun Dictionary 1977),,utthi,utthi,1025,84,CR172,see27,,Tommy McGinty,Johnson Edwards
relatives,his daughter (man speaking),-tthia,,,Tommy McGinty and Johnson Edwards (Selkirk Indian Language Noun Dictionary 1977),,daughter,utthia,1026,84,CR172,see26,,Tommy McGinty,Johnson Edwards
relatives,her daughter (woman speaking),-yetsʼíʼ,,,Tommy McGinty and Johnson Edwards (Selkirk Indian Language Noun Dictionary 1977),,daughter,utthigálínʼ,1027,84,,,,Tommy McGinty,Johnson Edwards
relatives,nephew (brotherʼs boy),-zhi,,,Tommy McGinty and Johnson Edwards (Selkirk Indian Language Noun Dictionary 1977),,nephew,uyedénʼ,1028,84,,see25,,Tommy McGinty,Johnson Edwards
relatives,nephew (sisterʼs boy),-mbráʼ,,,Tommy McGinty and Johnson Edwards (Selkirk Indian Language Noun Dictionary 1977),,nephew,utthu,1029,84,,,,Tommy McGinty,Johnson Edwards
relatives,niece (brotherʼs girl),-tthi,,,Tommy McGinty and Johnson Edwards (Selkirk Indian Language Noun Dictionary 1977),,niece,utthua,1030,84,CR173,see27,,Tommy McGinty,Johnson Edwards
relatives,niece (brotherʼs girl),-tthia,,,Tommy McGinty and Johnson Edwards (Selkirk Indian Language Noun Dictionary 1977),,niece,uyaʼaat,1031,84,CR173,see26,,Tommy McGinty,Johnson Edwards
relatives,son-in-law (man speaking),-tthigálínʼ,,,Tommy McGinty and Johnson Edwards (Selkirk Indian Language Noun Dictionary 1977),,son-in-law,utthu,1032,84,,,,Tommy McGinty,Johnson Edwards
relatives,son-in-law (woman speaking),-yedénʼ,,,Tommy McGinty and Johnson Edwards (Selkirk Indian Language Noun Dictionary 1977),,son-in-law,utthua,1033,84,,,,Tommy McGinty,Johnson Edwards
relatives,daughter-in-law (man speaking),-tthu,,,Tommy McGinty and Johnson Edwards (Selkirk Indian Language Noun Dictionary 1977),,daughter-in-law,uchéʼ,1034,85,CR174,see28,,Tommy McGinty,Johnson Edwards
relatives,daughter-in-law (man speaking),-tthua,,,Tommy McGinty and Johnson Edwards (Selkirk Indian Language Noun Dictionary 1977),,daughter-in-law,uchéa,1035,85,CR174,see29,,Tommy McGinty,Johnson Edwards
relatives,daughter-in-law (woman speaking),-yaʼaat,,,Tommy McGinty and Johnson Edwards (Selkirk Indian Language Noun Dictionary 1977),,daughter-in-law,uyéłák,1036,85,,,,Tommy McGinty,Johnson Edwards
relatives,grandchild (man speaking),-tthu,,,Tommy McGinty and Johnson Edwards (Selkirk Indian Language Noun Dictionary 1977),,grandchild,uyéláánʼ,1037,85,CR175,see28,,Tommy McGinty,Johnson Edwards
relatives,grandchild (man speaking),-tthua,,,Tommy McGinty and Johnson Edwards (Selkirk Indian Language Noun Dictionary 1977),,grandchild,uyéláánʼ,1038,85,CR175,see29,,Tommy McGinty,Johnson Edwards
relatives,grandchild (woman speaking),-chéʼ,,,Tommy McGinty and Johnson Edwards (Selkirk Indian Language Noun Dictionary 1977),,grandchild,udzua,1039,85,CR176,,,Tommy McGinty,Johnson Edwards
relatives,grandchild (woman speaking),-chéa,,,Tommy McGinty and Johnson Edwards (Selkirk Indian Language Noun Dictionary 1977),,grandchild,udzúnʼ,1040,85,CR176,,,Tommy McGinty,Johnson Edwards
relatives,friend,-yéłák,,,Tommy McGinty and Johnson Edwards (Selkirk Indian Language Noun Dictionary 1977),,friend,udzua,1041,85,,,,Tommy McGinty,Johnson Edwards
relatives,friends,-yéláánʼ,,,Tommy McGinty and Johnson Edwards (Selkirk Indian Language Noun Dictionary 1977),,friend,udzúnʼ,1042,85,CR177,,,Tommy McGinty,Johnson Edwards
relatives,relatives,-yéláánʼ,,,Tommy McGinty and Johnson Edwards (Selkirk Indian Language Noun Dictionary 1977),,,yakaak,1043,85,CR177,,,Tommy McGinty,Johnson Edwards
relatives,dear friends,-dzua,,,Tommy McGinty and Johnson Edwards (Selkirk Indian Language Noun Dictionary 1977),,friend,yaka,1044,85,CR178,,,Tommy McGinty,Johnson Edwards
relatives,dear friends,-dzúnʼ,,,Tommy McGinty and Johnson Edwards (Selkirk Indian Language Noun Dictionary 1977),,friend,edéłyát,1045,85,CR178,,,Tommy McGinty,Johnson Edwards
relatives,sweetheart,-dzua,,,Tommy McGinty and Johnson Edwards (Selkirk Indian Language Noun Dictionary 1977),,,tan dégro,1046,85,CR178,,,Tommy McGinty,Johnson Edwards
relatives,sweetheart,-dzúnʼ,,,Tommy McGinty and Johnson Edwards (Selkirk Indian Language Noun Dictionary 1977),,,shan,1047,85,CR178,,,Tommy McGinty,Johnson Edwards
"seasons, days, months",winter,yakaak,,,Tommy McGinty and Johnson Edwards (Selkirk Indian Language Noun Dictionary 1977),,season,sakaak,1048,86,CR179,,,Tommy McGinty,Johnson Edwards
"seasons, days, months",winter,yaka,,,Tommy McGinty and Johnson Edwards (Selkirk Indian Language Noun Dictionary 1977),,season,nohodedékʼáʼ,1049,86,CR179,,,Tommy McGinty,Johnson Edwards
"seasons, days, months",spring,edéłyát,,,Tommy McGinty and Johnson Edwards (Selkirk Indian Language Noun Dictionary 1977),,season,hetthi yakaak,1050,86,,,,Tommy McGinty,Johnson Edwards
"seasons, days, months",break-up,tan dégro,,,Tommy McGinty and Johnson Edwards (Selkirk Indian Language Noun Dictionary 1977),refering to ice? Clarify?,,ekáánʼ yakaak,1051,86,,,,Tommy McGinty,Johnson Edwards
"seasons, days, months",summer,shan,,,Tommy McGinty and Johnson Edwards (Selkirk Indian Language Noun Dictionary 1977),,season,hétlʼéʼ yakaak,1052,86,CR180,,,Tommy McGinty,Johnson Edwards
"seasons, days, months",summer,sakaak,,,Tommy McGinty and Johnson Edwards (Selkirk Indian Language Noun Dictionary 1977),,season,se kʼanámáánʼ,1053,86,CR180,,,Tommy McGinty,Johnson Edwards
"seasons, days, months",autumn,nohodedékʼáʼ,,,Tommy McGinty and Johnson Edwards (Selkirk Indian Language Noun Dictionary 1977),,season,se nenézhen,1054,86,,,,Tommy McGinty,Johnson Edwards
"seasons, days, months",last year,hetthi yakaak,,,Tommy McGinty and Johnson Edwards (Selkirk Indian Language Noun Dictionary 1977),,,se kʼunkʼo,1055,86,,,,Tommy McGinty,Johnson Edwards
"seasons, days, months",this year,ekáánʼ yakaak,,,Tommy McGinty and Johnson Edwards (Selkirk Indian Language Noun Dictionary 1977),,,se dekíʼ kʼaninkhóʼ,1056,86,,,,Tommy McGinty,Johnson Edwards
"seasons, days, months",next year,hétlʼéʼ yakaak,,,Tommy McGinty and Johnson Edwards (Selkirk Indian Language Noun Dictionary 1977),,,se nádedeten,1057,86,,,,Tommy McGinty,Johnson Edwards
"seasons, days, months",full moon,se kʼanámáánʼ,,,Tommy McGinty and Johnson Edwards (Selkirk Indian Language Noun Dictionary 1977),,,se hunádedetthʼat,1058,86,CR181,,,Tommy McGinty,Johnson Edwards
"seasons, days, months",full moon,se nenézhen,,,Tommy McGinty and Johnson Edwards (Selkirk Indian Language Noun Dictionary 1977),,,se deka deʼeshat,1059,86,CR181,,,Tommy McGinty,Johnson Edwards
"seasons, days, months",half moon,se kʼunkʼo,,,Tommy McGinty and Johnson Edwards (Selkirk Indian Language Noun Dictionary 1977),,,tondru,1060,86,CR182,,,Tommy McGinty,Johnson Edwards
"seasons, days, months",half moon,se dekíʼ kʼaninkhóʼ,,,Tommy McGinty and Johnson Edwards (Selkirk Indian Language Noun Dictionary 1977),,,tendru,1061,86,CR182,,,Tommy McGinty,Johnson Edwards
"seasons, days, months",third quarter,se nádedeten,,,Tommy McGinty and Johnson Edwards (Selkirk Indian Language Noun Dictionary 1977),of the moon (cycle?) Clarify context,,dzenúʼ,1062,86,,,,Tommy McGinty,Johnson Edwards
"seasons, days, months",last quarter,se hunádedetthʼat,,,Tommy McGinty and Johnson Edwards (Selkirk Indian Language Noun Dictionary 1977),of the moon (cycle?) Clarify context,,dzyan,1063,86,,,,Tommy McGinty,Johnson Edwards
"seasons, days, months",ring around the moon,se deka deʼeshat,,,Tommy McGinty and Johnson Edwards (Selkirk Indian Language Noun Dictionary 1977),,,dzenúʼ hudúnkwʼan,1064,86,,,,Tommy McGinty,Johnson Edwards
"seasons, days, months",night ,tondru,,,Tommy McGinty and Johnson Edwards (Selkirk Indian Language Noun Dictionary 1977),,,dzenúʼ dekwʼan,1065,86,CR183,,,Tommy McGinty,Johnson Edwards
"seasons, days, months",night,tendru,,,Tommy McGinty and Johnson Edwards (Selkirk Indian Language Noun Dictionary 1977),,,kʼámbéʼ,1066,86,CR183,,,Tommy McGinty,Johnson Edwards
"seasons, days, months",day,dzenúʼ,,,Tommy McGinty and Johnson Edwards (Selkirk Indian Language Noun Dictionary 1977),,,dzyan tétlʼát,1067,86,CR184,,,Tommy McGinty,Johnson Edwards
"seasons, days, months",day,dzyan,,,Tommy McGinty and Johnson Edwards (Selkirk Indian Language Noun Dictionary 1977),,,neseʼúnʼ,1068,86,CR184,,,Tommy McGinty,Johnson Edwards
"seasons, days, months",short day,dzenúʼ hudúnkwʼan,,,Tommy McGinty and Johnson Edwards (Selkirk Indian Language Noun Dictionary 1977),clarify context?,,nohodedekhyáʼ,1069,86,CR185,,,Tommy McGinty,Johnson Edwards
"seasons, days, months",short day,dzenúʼ dekwʼan,,,Tommy McGinty and Johnson Edwards (Selkirk Indian Language Noun Dictionary 1977),clarify context?,,tondru tlʼát,1070,86,CR185,,,Tommy McGinty,Johnson Edwards
"seasons, days, months",morning,kʼámbéʼ,,,Tommy McGinty and Johnson Edwards (Selkirk Indian Language Noun Dictionary 1977),,times of day,totlʼát,1071,86,,,,Tommy McGinty,Johnson Edwards
"seasons, days, months",noon,dzyan tétlʼát,,,Tommy McGinty and Johnson Edwards (Selkirk Indian Language Noun Dictionary 1977),,times of day,hetʼénʼ kʼéʼ,1072,86,,,,Tommy McGinty,Johnson Edwards
"seasons, days, months",afternoon,neseʼúnʼ,,,Tommy McGinty and Johnson Edwards (Selkirk Indian Language Noun Dictionary 1977),,times of day,ekʼáánʼ dzenúʼ,1073,87,,,,Tommy McGinty,Johnson Edwards
"seasons, days, months",getting dark,nohodedekhyáʼ,,,Tommy McGinty and Johnson Edwards (Selkirk Indian Language Noun Dictionary 1977),,times of day,hetʼénʼ déʼ,1074,87,,,,Tommy McGinty,Johnson Edwards
"seasons, days, months",midnight,tondru tlʼát,,,Tommy McGinty and Johnson Edwards (Selkirk Indian Language Noun Dictionary 1977),,times of day,nédzyánʼ,1075,87,CR186,,,Tommy McGinty,Johnson Edwards
"seasons, days, months",midnight,totlʼát,,,Tommy McGinty and Johnson Edwards (Selkirk Indian Language Noun Dictionary 1977),,times of day,nédzyán cho,1076,87,CR186,,,Tommy McGinty,Johnson Edwards
"seasons, days, months",yesterday,hetʼénʼ kʼéʼ,,,Tommy McGinty and Johnson Edwards (Selkirk Indian Language Noun Dictionary 1977),,,yakaak łenahúntʼen,1077,87,,,,Tommy McGinty,Johnson Edwards
"seasons, days, months",today,ekʼáánʼ dzenúʼ,,,Tommy McGinty and Johnson Edwards (Selkirk Indian Language Noun Dictionary 1977),,,nan ze,1078,87,,,,Tommy McGinty,Johnson Edwards
"seasons, days, months",tomorrow,hetʼénʼ déʼ,,,Tommy McGinty and Johnson Edwards (Selkirk Indian Language Noun Dictionary 1977),,,netsʼenezhe ze,1079,87,,,,Tommy McGinty,Johnson Edwards
"seasons, days, months",Sunday,nédzyánʼ,,,Tommy McGinty and Johnson Edwards (Selkirk Indian Language Noun Dictionary 1977),,,dan ze,1080,87,,,,Tommy McGinty,Johnson Edwards
"seasons, days, months",Christmas,nédzyán cho,,,Tommy McGinty and Johnson Edwards (Selkirk Indian Language Noun Dictionary 1977),,,edéłyát ze,1081,87,,,,Tommy McGinty,Johnson Edwards
"seasons, days, months",New Years,yakaak łenahúntʼen,,,Tommy McGinty and Johnson Edwards (Selkirk Indian Language Noun Dictionary 1977),,,łyok ze,1082,87,,,,Tommy McGinty,Johnson Edwards
"seasons, days, months","January (""earth month"")",nan ze,,,Tommy McGinty and Johnson Edwards (Selkirk Indian Language Noun Dictionary 1977),add more clarification about lit.translations into entries?,months,etthánʼ ze,1083,87,,,,Tommy McGinty,Johnson Edwards
"seasons, days, months","February (""chasing-the-moose month"")",netsʼenezhe ze,,,Tommy McGinty and Johnson Edwards (Selkirk Indian Language Noun Dictionary 1977),add more clarification about lit.translations into entries?,months,yakaak ze,1084,87,,,,Tommy McGinty,Johnson Edwards
"seasons, days, months","March (""people-get-black-from-sun month"")",dan ze,,,Tommy McGinty and Johnson Edwards (Selkirk Indian Language Noun Dictionary 1977),add more clarification about lit.translations into entries?,months,tsekʼyáʼ,1085,87,,,,Tommy McGinty,Johnson Edwards
"seasons, days, months","April (""break-up-of-ice month"")",edéłyát ze,,,Tommy McGinty and Johnson Edwards (Selkirk Indian Language Noun Dictionary 1977),add more clarification about lit.translations into entries?,months,dadzaw tsékʼyáʼ,1086,87,,,,Tommy McGinty,Johnson Edwards
"seasons, days, months","July (""fish month"")",łyok ze,,,Tommy McGinty and Johnson Edwards (Selkirk Indian Language Noun Dictionary 1977),add more clarification about lit.translations into entries?,months,nan ka tsékʼyáʼ,1087,87,,,,Tommy McGinty,Johnson Edwards
"seasons, days, months","September (""moose month"")",etthánʼ ze,,,Tommy McGinty and Johnson Edwards (Selkirk Indian Language Noun Dictionary 1977),add more clarification about lit.translations into entries?,months,nan tʼe tsékʼyáʼ,1088,87,,,,Tommy McGinty,Johnson Edwards
"seasons, days, months","December (""winter month"")",yakaak ze,,,Tommy McGinty and Johnson Edwards (Selkirk Indian Language Noun Dictionary 1977),add more clarification about lit.translations into entries?,months,dan nenetróʼ yédaak,1089,87,,,,Tommy McGinty,Johnson Edwards
shelter,cache,tsekʼyáʼ,,,Tommy McGinty and Johnson Edwards (Selkirk Indian Language Noun Dictionary 1977),,cache,mánʼ kúnʼ,1090,88,,,,Tommy McGinty,Johnson Edwards
shelter,high cache,dadzaw tsékʼyáʼ,,,Tommy McGinty and Johnson Edwards (Selkirk Indian Language Noun Dictionary 1977),,cache,kúnʼ hudetsʼa,1091,88,,,,Tommy McGinty,Johnson Edwards
shelter,log cache on ground,nan ka tsékʼyáʼ,,,Tommy McGinty and Johnson Edwards (Selkirk Indian Language Noun Dictionary 1977),,cache,kúnʼ,1092,88,,,,Tommy McGinty,Johnson Edwards
shelter,underground cache,nan tʼe tsékʼyáʼ,,,Tommy McGinty and Johnson Edwards (Selkirk Indian Language Noun Dictionary 1977),,cache,dechan kúnʼ,1093,88,,,,Tommy McGinty,Johnson Edwards
shelter,campsite,dan nenetróʼ yédaak,,,Tommy McGinty and Johnson Edwards (Selkirk Indian Language Noun Dictionary 1977),,,nínmbay kúnʼ,1094,88,,,,Tommy McGinty,Johnson Edwards
shelter,brush camp,mánʼ kúnʼ,,,Tommy McGinty and Johnson Edwards (Selkirk Indian Language Noun Dictionary 1977),,,nántrúnʼ kúnʼ,1095,88,,,,Tommy McGinty,Johnson Edwards
shelter,grave house,kúnʼ hudetsʼa,,,Tommy McGinty and Johnson Edwards (Selkirk Indian Language Noun Dictionary 1977),,,kúkʼyáʼ jat,1096,88,,,,Tommy McGinty,Johnson Edwards
shelter,house,kúnʼ,,,Tommy McGinty and Johnson Edwards (Selkirk Indian Language Noun Dictionary 1977),,,kúnkʼyáʼ hutróʼ,1097,88,,,,Tommy McGinty,Johnson Edwards
shelter,log cabin,dechan kúnʼ,,,Tommy McGinty and Johnson Edwards (Selkirk Indian Language Noun Dictionary 1977),,,kúkʼyáʼ jat,1098,88,,,,Tommy McGinty,Johnson Edwards
shelter,moss house,nínmbay kúnʼ,,,Tommy McGinty and Johnson Edwards (Selkirk Indian Language Noun Dictionary 1977),,,kúnkʼyáʼ hutróʼ,1099,88,CR187,,,Tommy McGinty,Johnson Edwards
shelter,moss house,nántrúnʼ kúnʼ,,,Tommy McGinty and Johnson Edwards (Selkirk Indian Language Noun Dictionary 1977),,,kúnʼ zra,1100,88,CR187,,,Tommy McGinty,Johnson Edwards
shelter,old place,kúkʼyáʼ jat,,,Tommy McGinty and Johnson Edwards (Selkirk Indian Language Noun Dictionary 1977),clarify context?,,łetsʼíʼ kúnʼ,1101,88,CR188,,,Tommy McGinty,Johnson Edwards
shelter,old place,kúnkʼyáʼ hutróʼ,,,Tommy McGinty and Johnson Edwards (Selkirk Indian Language Noun Dictionary 1977),clarify context?,,dezhat,1102,88,CR188,,,Tommy McGinty,Johnson Edwards
shelter,camp,kúkʼyáʼ jat,,,Tommy McGinty and Johnson Edwards (Selkirk Indian Language Noun Dictionary 1977),,,kʼése,1103,88,CR188,,,Tommy McGinty,Johnson Edwards
shelter,camp,kúnkʼyáʼ hutróʼ,,,Tommy McGinty and Johnson Edwards (Selkirk Indian Language Noun Dictionary 1977),,,nínmbáʼ kúnʼ,1104,88,CR188,,,Tommy McGinty,Johnson Edwards
shelter,shed,kúnʼ zra,,,Tommy McGinty and Johnson Edwards (Selkirk Indian Language Noun Dictionary 1977),,,ínmbáʼ,1105,88,,,,Tommy McGinty,Johnson Edwards
shelter,smoke house,łetsʼíʼ kúnʼ,,,Tommy McGinty and Johnson Edwards (Selkirk Indian Language Noun Dictionary 1977),,,tsénʼ kúnʼ,1106,88,,,,Tommy McGinty,Johnson Edwards
shelter,tent,dezhat,,,Tommy McGinty and Johnson Edwards (Selkirk Indian Language Noun Dictionary 1977),,,dan kezhi,1107,88,CR189,,,Tommy McGinty,Johnson Edwards
shelter,tent,kʼése,,,Tommy McGinty and Johnson Edwards (Selkirk Indian Language Noun Dictionary 1977),,,dan kezhi,1108,88,CR189,,,Tommy McGinty,Johnson Edwards
shelter,teepee,nínmbáʼ kúnʼ,,,Tommy McGinty and Johnson Edwards (Selkirk Indian Language Noun Dictionary 1977),,,dan kékʼyáʼ,1109,88,CR190,,,Tommy McGinty,Johnson Edwards
shelter,teepee,ínmbáʼ,,,Tommy McGinty and Johnson Edwards (Selkirk Indian Language Noun Dictionary 1977),,,sra kúnʼ,1110,88,CR190,,,Tommy McGinty,Johnson Edwards
shelter,toilet,tsénʼ kúnʼ,,,Tommy McGinty and Johnson Edwards (Selkirk Indian Language Noun Dictionary 1977),,,hutsʼedenedi kúnʼ,1111,88,,,,Tommy McGinty,Johnson Edwards
shelter,town,dan kezhi,,,Tommy McGinty and Johnson Edwards (Selkirk Indian Language Noun Dictionary 1977),,,dan tsʼedeki kúnʼ,1112,88,,,,Tommy McGinty,Johnson Edwards
shelter,villge,dan kezhi,,,Tommy McGinty and Johnson Edwards (Selkirk Indian Language Noun Dictionary 1977),,,etsʼelin kúnʼ,1113,88,,,,Tommy McGinty,Johnson Edwards
shelter,Indian village,dan kékʼyáʼ,,,Tommy McGinty and Johnson Edwards (Selkirk Indian Language Noun Dictionary 1977),,,elin kúnʼ,1114,88,,,,Tommy McGinty,Johnson Edwards
shelter,beer parlour,sra kúnʼ,,,Tommy McGinty and Johnson Edwards (Selkirk Indian Language Noun Dictionary 1977),bear house?,buildings,denéde kúnʼ,1115,89,,,,Tommy McGinty,Johnson Edwards
shelter,church,hutsʼedenedi kúnʼ,,,Tommy McGinty and Johnson Edwards (Selkirk Indian Language Noun Dictionary 1977),,buildings,chetsʼetin kúnʼ,1116,89,,,,Tommy McGinty,Johnson Edwards
shelter,community hall,dan tsʼedeki kúnʼ,,,Tommy McGinty and Johnson Edwards (Selkirk Indian Language Noun Dictionary 1977),,buildings,chetsʼetin kúnʼ,1117,89,,,,Tommy McGinty,Johnson Edwards
shelter,dance hall,etsʼelin kúnʼ,,,Tommy McGinty and Johnson Edwards (Selkirk Indian Language Noun Dictionary 1977),,buildings,denétʼro kúnʼ,1118,89,CR191,,,Tommy McGinty,Johnson Edwards
shelter,dance hall,elin kúnʼ,,,Tommy McGinty and Johnson Edwards (Selkirk Indian Language Noun Dictionary 1977),,buildings,dlíʼ kúnʼ,1119,89,CR191,,,Tommy McGinty,Johnson Edwards
shelter,hospital,denéde kúnʼ,,,Tommy McGinty and Johnson Edwards (Selkirk Indian Language Noun Dictionary 1977),,buildings,kʼok kúnʼ,1120,89,,,,Tommy McGinty,Johnson Edwards
shelter,hotel,chetsʼetin kúnʼ,,,Tommy McGinty and Johnson Edwards (Selkirk Indian Language Noun Dictionary 1977),,buildings,hotyáʼ,1121,89,CR192,,,Tommy McGinty,Johnson Edwards
shelter,lodge,chetsʼetin kúnʼ,,,Tommy McGinty and Johnson Edwards (Selkirk Indian Language Noun Dictionary 1977),,buildings,netsʼeʼá kúnʼ,1122,89,CR192,,,Tommy McGinty,Johnson Edwards
shelter,jail,denétʼro kúnʼ,,,Tommy McGinty and Johnson Edwards (Selkirk Indian Language Noun Dictionary 1977),,buildings,netsʼekwan kúnʼ,1123,89,,,,Tommy McGinty,Johnson Edwards
shelter,police station,dlíʼ kúnʼ,,,Tommy McGinty and Johnson Edwards (Selkirk Indian Language Noun Dictionary 1977),,buildings,dunyána hanádan kúnʼ,1124,89,,,,Tommy McGinty,Johnson Edwards
shelter,post office,kʼok kúnʼ,,,Tommy McGinty and Johnson Edwards (Selkirk Indian Language Noun Dictionary 1977),,buildings,mbat yeʼekyáát kúnʼ,1125,89,,,,Tommy McGinty,Johnson Edwards
shelter,restaurant,hotyáʼ,,,Tommy McGinty and Johnson Edwards (Selkirk Indian Language Noun Dictionary 1977),,buildings,kʼéndyát kúnʼ,1126,89,CR193,,,Tommy McGinty,Johnson Edwards
shelter,restaurant,netsʼeʼá kúnʼ,,,Tommy McGinty and Johnson Edwards (Selkirk Indian Language Noun Dictionary 1977),,buildings,kúnʼ kétsʼaat,1127,89,CR193,,,Tommy McGinty,Johnson Edwards
shelter,restaurant,netsʼekwan kúnʼ,,,Tommy McGinty and Johnson Edwards (Selkirk Indian Language Noun Dictionary 1977),,buildings,adántaan,1128,89,CR193,,,Tommy McGinty,Johnson Edwards
shelter,school,dunyána hanádan kúnʼ,,,Tommy McGinty and Johnson Edwards (Selkirk Indian Language Noun Dictionary 1977),,buildings,dechan tyáʼ,1129,89,,,,Tommy McGinty,Johnson Edwards
shelter,store,mbat yeʼekyáát kúnʼ,,,Tommy McGinty and Johnson Edwards (Selkirk Indian Language Noun Dictionary 1977),,buildings,etsʼetʼyóʼ yétyáák,1130,89,,,,Tommy McGinty,Johnson Edwards
shelter,bedroom,kʼéndyát kúnʼ,,,Tommy McGinty and Johnson Edwards (Selkirk Indian Language Noun Dictionary 1977),,rooms,etsʼetʼyóʼ kúnʼ,1131,89,,,,Tommy McGinty,Johnson Edwards
shelter,corner,kúnʼ kétsʼaat,,,Tommy McGinty and Johnson Edwards (Selkirk Indian Language Noun Dictionary 1977),Clarify: of a room? ,,kúnʼ kʼáʼaan huʼen,1132,89,,,,Tommy McGinty,Johnson Edwards
shelter,door,adántaan,,,Tommy McGinty and Johnson Edwards (Selkirk Indian Language Noun Dictionary 1977),,,kúnʼ tétʼáák tetlʼat ninʼe,1133,89,,,,Tommy McGinty,Johnson Edwards
shelter,floor,dechan tyáʼ,,,Tommy McGinty and Johnson Edwards (Selkirk Indian Language Noun Dictionary 1977),wood mattress?,,kúnʼ tétʼáák,1134,89,,,,Tommy McGinty,Johnson Edwards
shelter,kitchen,etsʼetʼyóʼ yétyáák,,,Tommy McGinty and Johnson Edwards (Selkirk Indian Language Noun Dictionary 1977),,rooms,kúnʼ tétʼáák zrúʼ,1135,89,CR194,,,Tommy McGinty,Johnson Edwards
shelter,kitchen,etsʼetʼyóʼ kúnʼ,,,Tommy McGinty and Johnson Edwards (Selkirk Indian Language Noun Dictionary 1977),,rooms,kúnʼ tétʼáák dehembáʼ,1136,89,CR194,,,Tommy McGinty,Johnson Edwards
shelter,porch,kúnʼ kʼáʼaan huʼen,,,Tommy McGinty and Johnson Edwards (Selkirk Indian Language Noun Dictionary 1977),,,stó dhyáwnʼ yétyaak,1137,89,,,,Tommy McGinty,Johnson Edwards
shelter,ridge pole,kúnʼ tétʼáák tetlʼat ninʼe,,,Tommy McGinty and Johnson Edwards (Selkirk Indian Language Noun Dictionary 1977),clarify meaning?,,stó dhyánʼ yétyaak,1138,90,,,,Tommy McGinty,Johnson Edwards
shelter,roof,kúnʼ tétʼáák,,,Tommy McGinty and Johnson Edwards (Selkirk Indian Language Noun Dictionary 1977),,,kałédáwʼ,1139,90,,,,Tommy McGinty,Johnson Edwards
shelter,roof poles,kúnʼ tétʼáák zrúʼ,,,Tommy McGinty and Johnson Edwards (Selkirk Indian Language Noun Dictionary 1977),,,kúnʼ yékíʼ,1140,90,,,,Tommy McGinty,Johnson Edwards
shelter,roof covering,kúnʼ tétʼáák dehembáʼ,,,Tommy McGinty and Johnson Edwards (Selkirk Indian Language Noun Dictionary 1977),clarify context/material?,,ndru tsʼeneʼin,1141,90,,,,Tommy McGinty,Johnson Edwards
shelter,smoke hole,stó dhyáwnʼ yétyaak,,,Tommy McGinty and Johnson Edwards (Selkirk Indian Language Noun Dictionary 1977),,,kʼo,1142,90,,,,Tommy McGinty,Johnson Edwards
shelter,smoke hole,stó dhyánʼ yétyaak,,,Tommy McGinty and Johnson Edwards (Selkirk Indian Language Noun Dictionary 1977),,,chen kʼo,1143,90,,,,Tommy McGinty,Johnson Edwards
shelter,steps,kałédáwʼ,,,Tommy McGinty and Johnson Edwards (Selkirk Indian Language Noun Dictionary 1977),,,húkʼóʼ,1144,90,,,,Tommy McGinty,Johnson Edwards
shelter,wall,kúnʼ yékíʼ,,,Tommy McGinty and Johnson Edwards (Selkirk Indian Language Noun Dictionary 1977),,,hudenétʼro,1145,90,,,,Tommy McGinty,Johnson Edwards
shelter,window,ndru tsʼeneʼin,,,Tommy McGinty and Johnson Edwards (Selkirk Indian Language Noun Dictionary 1977),,,dégéʼ,1146,90,,,,Tommy McGinty,Johnson Edwards
sky and weather,clouds,kʼo,,,Tommy McGinty and Johnson Edwards (Selkirk Indian Language Noun Dictionary 1977),,,humbe,1147,91,,,,Tommy McGinty,Johnson Edwards
sky and weather,rain clouds,chen kʼo,,,Tommy McGinty and Johnson Edwards (Selkirk Indian Language Noun Dictionary 1977),,,yedéken,1148,91,,,,Tommy McGinty,Johnson Edwards
sky and weather,cold weather,húkʼóʼ,,,Tommy McGinty and Johnson Edwards (Selkirk Indian Language Noun Dictionary 1977),,,yéde cho,1149,91,,,,Tommy McGinty,Johnson Edwards
sky and weather,darkness,hudenétʼro,,,Tommy McGinty and Johnson Edwards (Selkirk Indian Language Noun Dictionary 1977),clarify context?,,yéde zra,1150,91,,,,Tommy McGinty,Johnson Edwards
sky and weather,dawn (daybreak),dégéʼ,,,Tommy McGinty and Johnson Edwards (Selkirk Indian Language Noun Dictionary 1977),,times of day,se tʼínʼen,1151,91,,,,Tommy McGinty,Johnson Edwards
sky and weather,dawn (light on horizon),humbe,,,Tommy McGinty and Johnson Edwards (Selkirk Indian Language Noun Dictionary 1977),,times of day,etsʼáwʼ,1152,91,,,,Tommy McGinty,Johnson Edwards
sky and weather,dawn (sun up),yedéken,,,Tommy McGinty and Johnson Edwards (Selkirk Indian Language Noun Dictionary 1977),,times of day,ʼráʼ,1153,91,,,,Tommy McGinty,Johnson Edwards
sky and weather,dipper (big),yéde cho,,,Tommy McGinty and Johnson Edwards (Selkirk Indian Language Noun Dictionary 1977),clarify itʼs referring to the constellation? ,,so,1154,91,,,,Tommy McGinty,Johnson Edwards
sky and weather,dipper (little),yéde zra,,,Tommy McGinty and Johnson Edwards (Selkirk Indian Language Noun Dictionary 1977),,,so,1155,91,,,,Tommy McGinty,Johnson Edwards
sky and weather,eclipse of the sun,se tʼínʼen,,,Tommy McGinty and Johnson Edwards (Selkirk Indian Language Noun Dictionary 1977),,,nohodézo,1156,91,,,,Tommy McGinty,Johnson Edwards
sky and weather,fog in air,etsʼáwʼ,,,Tommy McGinty and Johnson Edwards (Selkirk Indian Language Noun Dictionary 1977),,,chenlan,1157,91,,,,Tommy McGinty,Johnson Edwards
sky and weather,fog on water,ʼráʼ,,,Tommy McGinty and Johnson Edwards (Selkirk Indian Language Noun Dictionary 1977),,,chenlyat,1158,91,,,,Tommy McGinty,Johnson Edwards
sky and weather,frost,so,,,Tommy McGinty and Johnson Edwards (Selkirk Indian Language Noun Dictionary 1977),,,humbe,1159,91,CR195,,,Tommy McGinty,Johnson Edwards
sky and weather,dampness,so,,,Tommy McGinty and Johnson Edwards (Selkirk Indian Language Noun Dictionary 1977),,,índrúʼ,1160,91,CR195,,,Tommy McGinty,Johnson Edwards
sky and weather,frosted up,nohodézo,,,Tommy McGinty and Johnson Edwards (Selkirk Indian Language Noun Dictionary 1977),clarify context?,,ndrúʼ,1161,91,,,,Tommy McGinty,Johnson Edwards
sky and weather,hail,chenlan,,,Tommy McGinty and Johnson Edwards (Selkirk Indian Language Noun Dictionary 1977),,,índrúʼ,1162,91,CR196,,,Tommy McGinty,Johnson Edwards
sky and weather,hail,chenlyat,,,Tommy McGinty and Johnson Edwards (Selkirk Indian Language Noun Dictionary 1977),,,ndrúʼ,1163,91,CR196,,,Tommy McGinty,Johnson Edwards
sky and weather,horizon,humbe,,,Tommy McGinty and Johnson Edwards (Selkirk Indian Language Noun Dictionary 1977),,,edzeze,1164,91,,,,Tommy McGinty,Johnson Edwards
sky and weather,lightning,índrúʼ,,,Tommy McGinty and Johnson Edwards (Selkirk Indian Language Noun Dictionary 1977),,,se dekíʼ deʼeshat,1165,91,CR197,,,Tommy McGinty,Johnson Edwards
sky and weather,lightning,ndrúʼ,,,Tommy McGinty and Johnson Edwards (Selkirk Indian Language Noun Dictionary 1977),,,yémbíʼ,1166,91,CR197,,,Tommy McGinty,Johnson Edwards
sky and weather,thunder,índrúʼ,,,Tommy McGinty and Johnson Edwards (Selkirk Indian Language Noun Dictionary 1977),,,yémbíʼ dinkʼen,1167,91,CR197,,,Tommy McGinty,Johnson Edwards
sky and weather,thunder,ndrúʼ,,,Tommy McGinty and Johnson Edwards (Selkirk Indian Language Noun Dictionary 1977),,,yémbíʼ dinkʼen,1168,91,CR197,,,Tommy McGinty,Johnson Edwards
sky and weather,moonlight,edzeze,,,Tommy McGinty and Johnson Edwards (Selkirk Indian Language Noun Dictionary 1977),,,chen,1169,91,,,,Tommy McGinty,Johnson Edwards
sky and weather,ring around the moon,se dekíʼ deʼeshat,,,Tommy McGinty and Johnson Edwards (Selkirk Indian Language Noun Dictionary 1977),entry also appears on page 86 - delete one?,,chen huhchen,1170,91,,,,Tommy McGinty,Johnson Edwards
sky and weather,Northern lights,yémbíʼ,,,Tommy McGinty and Johnson Edwards (Selkirk Indian Language Noun Dictionary 1977),,,echen,1171,91,,,,Tommy McGinty,Johnson Edwards
sky and weather,burning,yémbíʼ dinkʼen,,,Tommy McGinty and Johnson Edwards (Selkirk Indian Language Noun Dictionary 1977),clarify context?,,hutsía myánʼ,1172,91,CR198,,,Tommy McGinty,Johnson Edwards
sky and weather,flashing,yémbíʼ dinkʼen,,,Tommy McGinty and Johnson Edwards (Selkirk Indian Language Noun Dictionary 1977),clarify context?,,hutʼátʼúnʼ,1173,91,CR198,,,Tommy McGinty,Johnson Edwards
sky and weather,rain,chen,,,Tommy McGinty and Johnson Edwards (Selkirk Indian Language Noun Dictionary 1977),,,yatʼaak,1174,92,,,,Tommy McGinty,Johnson Edwards
sky and weather,itʼs raining,chen huhchen,,,Tommy McGinty and Johnson Edwards (Selkirk Indian Language Noun Dictionary 1977),not a noun,,zha,1175,92,CR199,,,Tommy McGinty,Johnson Edwards
sky and weather,itʼs raining,echen,,,Tommy McGinty and Johnson Edwards (Selkirk Indian Language Noun Dictionary 1977),not a noun,,zha husháʼ,1176,92,CR199,,,Tommy McGinty,Johnson Edwards
sky and weather,rainbow,hutsía myánʼ,,,Tommy McGinty and Johnson Edwards (Selkirk Indian Language Noun Dictionary 1977),,,esháʼ ,1177,92,,,,Tommy McGinty,Johnson Edwards
sky and weather,shade,hutʼátʼúnʼ,,,Tommy McGinty and Johnson Edwards (Selkirk Indian Language Noun Dictionary 1977),,,dazhaʼ,1178,92,,,,Tommy McGinty,Johnson Edwards
sky and weather,sky,yatʼaak,,,Tommy McGinty and Johnson Edwards (Selkirk Indian Language Noun Dictionary 1977),,,zha detlʼyat,1179,92,,,,Tommy McGinty,Johnson Edwards
sky and weather,snow,zha,,,Tommy McGinty and Johnson Edwards (Selkirk Indian Language Noun Dictionary 1977),,,tsyaw,1180,92,,,,Tommy McGinty,Johnson Edwards
sky and weather,itʼs snowing,zha husháʼ,,,Tommy McGinty and Johnson Edwards (Selkirk Indian Language Noun Dictionary 1977),not a noun,,zha hetsaw,1181,92,CR200,,,Tommy McGinty,Johnson Edwards
sky and weather,itʼs snowing,esháʼ ,,,Tommy McGinty and Johnson Edwards (Selkirk Indian Language Noun Dictionary 1977),not a noun,,thyánʼ,1182,92,CR200,,,Tommy McGinty,Johnson Edwards
sky and weather,snow on branches,dazhaʼ,,,Tommy McGinty and Johnson Edwards (Selkirk Indian Language Noun Dictionary 1977),,,thélnʼ,1183,92,,,,Tommy McGinty,Johnson Edwards
sky and weather,"soft, loose snow",zha detlʼyat,,,Tommy McGinty and Johnson Edwards (Selkirk Indian Language Noun Dictionary 1977),,,tlin hudzi nanda,1184,92,,,,Tommy McGinty,Johnson Edwards
sky and weather,snowdrift,tsyaw,,,Tommy McGinty and Johnson Edwards (Selkirk Indian Language Noun Dictionary 1977),,,thyánʼ cho,1185,92,,,,Tommy McGinty,Johnson Edwards
sky and weather,wet snow,zha hetsaw,,,Tommy McGinty and Johnson Edwards (Selkirk Indian Language Noun Dictionary 1977),,,thélnʼ cho,1186,92,,,,Tommy McGinty,Johnson Edwards
sky and weather,star,thyánʼ,,,Tommy McGinty and Johnson Edwards (Selkirk Indian Language Noun Dictionary 1977),,,thyánʼ tsáánʼ,1187,92,CR201,,,Tommy McGinty,Johnson Edwards
sky and weather,star,thélnʼ,,,Tommy McGinty and Johnson Edwards (Selkirk Indian Language Noun Dictionary 1977),,,se,1188,92,CR201,,,Tommy McGinty,Johnson Edwards
sky and weather,"""caribou stars""",tlin hudzi nanda,,,Tommy McGinty and Johnson Edwards (Selkirk Indian Language Noun Dictionary 1977),clarify context?,,se henindin,1189,92,,,,Tommy McGinty,Johnson Edwards
sky and weather,evening star,thyánʼ cho,,,Tommy McGinty and Johnson Edwards (Selkirk Indian Language Noun Dictionary 1977),,,se dekekʼo kwánʼ dinkʼen,1190,92,CR202,,,Tommy McGinty,Johnson Edwards
sky and weather,evening star,thélnʼ cho,,,Tommy McGinty and Johnson Edwards (Selkirk Indian Language Noun Dictionary 1977),,,se dehunkʼo hedékʼánʼ,1191,92,CR202,,,Tommy McGinty,Johnson Edwards
sky and weather,falling star,thyánʼ tsáánʼ,,,Tommy McGinty and Johnson Edwards (Selkirk Indian Language Noun Dictionary 1977),,,se héʼéʼ,1192,92,,,,Tommy McGinty,Johnson Edwards
sky and weather,sun ,se,,,Tommy McGinty and Johnson Edwards (Selkirk Indian Language Noun Dictionary 1977),,,se hunéʼéʼ,1193,92,,,,Tommy McGinty,Johnson Edwards
sky and weather,bright sun,se henindin,,,Tommy McGinty and Johnson Edwards (Selkirk Indian Language Noun Dictionary 1977),,,se hunínʼen,1194,92,,,,Tommy McGinty,Johnson Edwards
sky and weather,sundog,se dekekʼo kwánʼ dinkʼen,,,Tommy McGinty and Johnson Edwards (Selkirk Indian Language Noun Dictionary 1977),clarify meaning?,,hudhaw,1195,92,CR203,,,Tommy McGinty,Johnson Edwards
sky and weather,sundog,se dehunkʼo hedékʼánʼ,,,Tommy McGinty and Johnson Edwards (Selkirk Indian Language Noun Dictionary 1977),clarify meaning?,,intsʼi hutsʼi,1196,92,CR203,,,Tommy McGinty,Johnson Edwards
sky and weather,sunrise,se héʼéʼ,,,Tommy McGinty and Johnson Edwards (Selkirk Indian Language Noun Dictionary 1977),,,netsʼi hutsʼi ,1197,93,,,,Tommy McGinty,Johnson Edwards
sky and weather,sunset,se hunéʼéʼ,,,Tommy McGinty and Johnson Edwards (Selkirk Indian Language Noun Dictionary 1977),,,nétsʼíʼ nétsʼíʼ,1198,93,CR202,,,Tommy McGinty,Johnson Edwards
sky and weather,sunset,se hunínʼen,,,Tommy McGinty and Johnson Edwards (Selkirk Indian Language Noun Dictionary 1977),,,dzenú nétsʼíʼ,1199,93,CR202,,,Tommy McGinty,Johnson Edwards
sky and weather,warm weather,hudhaw,,,Tommy McGinty and Johnson Edwards (Selkirk Indian Language Noun Dictionary 1977),,,intsʼi kʼóʼ,1200,93,,,,Tommy McGinty,Johnson Edwards
sky and weather,wind (blowing),intsʼi hutsʼi,,,Tommy McGinty and Johnson Edwards (Selkirk Indian Language Noun Dictionary 1977),,wind,netsʼi kʼóʼ,1201,93,CR203,,,Tommy McGinty,Johnson Edwards
sky and weather,wind (blowing),netsʼi hutsʼi ,,,Tommy McGinty and Johnson Edwards (Selkirk Indian Language Noun Dictionary 1977),,wind,nádzát nétsʼíʼ,1202,93,CR203,,,Tommy McGinty,Johnson Edwards
sky and weather,wind blowing back and forth,nétsʼíʼ nétsʼíʼ,,,Tommy McGinty and Johnson Edwards (Selkirk Indian Language Noun Dictionary 1977),,wind,hutsʼák nétsʼíʼ,1203,93,CR204,,,Tommy McGinty,Johnson Edwards
sky and weather,wind blowing back and forth,dzenú nétsʼíʼ,,,Tommy McGinty and Johnson Edwards (Selkirk Indian Language Noun Dictionary 1977),,wind,intsʼi dhaw,1204,93,CR204,,,Tommy McGinty,Johnson Edwards
sky and weather,cold wind,intsʼi kʼóʼ,,,Tommy McGinty and Johnson Edwards (Selkirk Indian Language Noun Dictionary 1977),,wind,netsʼi dhaw,1205,93,CR205,,,Tommy McGinty,Johnson Edwards
sky and weather,cold wind,netsʼi kʼóʼ,,,Tommy McGinty and Johnson Edwards (Selkirk Indian Language Noun Dictionary 1977),,wind,hetsʼembe,1206,93,CR205,,,Tommy McGinty,Johnson Edwards
sky and weather,"cold wind which ""chases away"" the warm weather ",nádzát nétsʼíʼ,,,Tommy McGinty and Johnson Edwards (Selkirk Indian Language Noun Dictionary 1977),clarify meaning with speakers? Or context?,wind,inchúʼ,1207,93,,,,Tommy McGinty,Johnson Edwards
sky and weather,"cold ""pinching"" East wind",hutsʼák nétsʼíʼ,,,Tommy McGinty and Johnson Edwards (Selkirk Indian Language Noun Dictionary 1977),clarify meaning with speakers? Or context?,wind,khwat,1208,93,,,,Tommy McGinty,Johnson Edwards
sky and weather,warm wind,intsʼi dhaw,,,Tommy McGinty and Johnson Edwards (Selkirk Indian Language Noun Dictionary 1977),,wind,ełetsʼínʼ ukʼéʼ,1209,93,CR206,,,Tommy McGinty,Johnson Edwards
sky and weather,warm wind,netsʼi dhaw,,,Tommy McGinty and Johnson Edwards (Selkirk Indian Language Noun Dictionary 1977),,wind,húnlin,1210,93,CR206,,,Tommy McGinty,Johnson Edwards
sky and weather,whirlwind,hetsʼembe,,,Tommy McGinty and Johnson Edwards (Selkirk Indian Language Noun Dictionary 1977),,wind,khwat tínʼ,1211,93,,,,Tommy McGinty,Johnson Edwards
tools,awl,inchúʼ,,,Tommy McGinty and Johnson Edwards (Selkirk Indian Language Noun Dictionary 1977),,,khwat chínʼ,1212,94,,,,Tommy McGinty,Johnson Edwards
tools,axe,khwat,,,Tommy McGinty and Johnson Edwards (Selkirk Indian Language Noun Dictionary 1977),,,tetthyan,1213,94,,,,Tommy McGinty,Johnson Edwards
tools,double axe,ełetsʼínʼ ukʼéʼ,,,Tommy McGinty and Johnson Edwards (Selkirk Indian Language Noun Dictionary 1977),,axe,tetthyan,1214,94,CR207,,,Tommy McGinty,Johnson Edwards
tools,double axe,húnlin,,,Tommy McGinty and Johnson Edwards (Selkirk Indian Language Noun Dictionary 1977),,axe,dechan tándáʼ,1215,94,CR207,,,Tommy McGinty,Johnson Edwards
tools,axe handle,khwat tínʼ,,,Tommy McGinty and Johnson Edwards (Selkirk Indian Language Noun Dictionary 1977),,axe,náttha,1216,94,CR208,,,Tommy McGinty,Johnson Edwards
tools,axe handle,khwat chínʼ,,,Tommy McGinty and Johnson Edwards (Selkirk Indian Language Noun Dictionary 1977),,axe,uzhí hetsʼedetáʼ,1217,94,CR208,,,Tommy McGinty,Johnson Edwards
tools,stone axe,tetthyan,,,Tommy McGinty and Johnson Edwards (Selkirk Indian Language Noun Dictionary 1977),,axe,kʼédéʼ,1218,94,CR209,,,Tommy McGinty,Johnson Edwards
tools,stone axe,tetthyan,,,Tommy McGinty and Johnson Edwards (Selkirk Indian Language Noun Dictionary 1977),,axe,hámra,1219,94,CR209,,,Tommy McGinty,Johnson Edwards
tools,chisel,dechan tándáʼ,,,Tommy McGinty and Johnson Edwards (Selkirk Indian Language Noun Dictionary 1977),,chisel,dechan uyí tsʼegháʼ,1220,94,,,,Tommy McGinty,Johnson Edwards
tools,caribou-bone chisel,náttha,,,Tommy McGinty and Johnson Edwards (Selkirk Indian Language Noun Dictionary 1977),,chisel,khwat zra,1221,94,,,,Tommy McGinty,Johnson Edwards
tools,drill,uzhí hetsʼedetáʼ,,,Tommy McGinty and Johnson Edwards (Selkirk Indian Language Noun Dictionary 1977),,drill,tanda,1222,94,,,,Tommy McGinty,Johnson Edwards
tools,file,kʼédéʼ,,,Tommy McGinty and Johnson Edwards (Selkirk Indian Language Noun Dictionary 1977),,,mbra,1223,94,,,,Tommy McGinty,Johnson Edwards
tools,hammer,hámra,,,Tommy McGinty and Johnson Edwards (Selkirk Indian Language Noun Dictionary 1977),,,mbra kʼéʼ,1224,94,,,,Tommy McGinty,Johnson Edwards
tools,hand plane,dechan uyí tsʼegháʼ,,,Tommy McGinty and Johnson Edwards (Selkirk Indian Language Noun Dictionary 1977),,,mbra zra,1225,94,,,,Tommy McGinty,Johnson Edwards
tools,hatchet,khwat zra,,,Tommy McGinty and Johnson Edwards (Selkirk Indian Language Noun Dictionary 1977),,axe,mbra taaintlʼaga,1226,94,,,,Tommy McGinty,Johnson Edwards
tools,ice chisel,tanda,,,Tommy McGinty and Johnson Edwards (Selkirk Indian Language Noun Dictionary 1977),,chisel,mbra uyí utsʼegháʼ,1227,94,,,,Tommy McGinty,Johnson Edwards
tools,knife,mbra,,,Tommy McGinty and Johnson Edwards (Selkirk Indian Language Noun Dictionary 1977),,knife,uyí tsʼotsi mbráʼ,1228,94,,,,Tommy McGinty,Johnson Edwards
tools,knife blade,mbra kʼéʼ,,,Tommy McGinty and Johnson Edwards (Selkirk Indian Language Noun Dictionary 1977),,knife,mbra détʼóʼ,1229,94,,,,Tommy McGinty,Johnson Edwards
tools,pocket knife,mbra zra,,,Tommy McGinty and Johnson Edwards (Selkirk Indian Language Noun Dictionary 1977),,knife,mbra ukʼé hedúʼ,1230,94,CR210,,,Tommy McGinty,Johnson Edwards
tools,pocket knife,mbra taaintlʼaga,,,Tommy McGinty and Johnson Edwards (Selkirk Indian Language Noun Dictionary 1977),,knife,mezan,1231,94,CR210,,,Tommy McGinty,Johnson Edwards
tools,wood knife,mbra uyí utsʼegháʼ,,,Tommy McGinty and Johnson Edwards (Selkirk Indian Language Noun Dictionary 1977),"knife made of wood, or knife for cutting wood?",knife,mezan,1232,94,CR211,,,Tommy McGinty,Johnson Edwards
tools,wood knife,uyí tsʼotsi mbráʼ,,,Tommy McGinty and Johnson Edwards (Selkirk Indian Language Noun Dictionary 1977),,knife,etsáwʼ,1233,95,CR211,,,Tommy McGinty,Johnson Edwards
tools,sharp knife,mbra détʼóʼ,,,Tommy McGinty and Johnson Edwards (Selkirk Indian Language Noun Dictionary 1977),,knife,mezan dhyawn,1234,95,,,,Tommy McGinty,Johnson Edwards
tools,dull knife,mbra ukʼé hedúʼ,,,Tommy McGinty and Johnson Edwards (Selkirk Indian Language Noun Dictionary 1977),,knife,mezan dhyan,1235,95,,,,Tommy McGinty,Johnson Edwards
tools,metal,mezan,,,Tommy McGinty and Johnson Edwards (Selkirk Indian Language Noun Dictionary 1977),,,mezan adeʼáʼ,1236,95,CR212,,,Tommy McGinty,Johnson Edwards
tools,iron,mezan,,,Tommy McGinty and Johnson Edwards (Selkirk Indian Language Noun Dictionary 1977),,,tu hetthʼúnʼ,1237,95,CR212,,,Tommy McGinty,Johnson Edwards
tools,nails,etsáwʼ,,,Tommy McGinty and Johnson Edwards (Selkirk Indian Language Noun Dictionary 1977),,,uyí hutsʼetsʼat,1238,95,,,,Tommy McGinty,Johnson Edwards
tools,pipe (metal),mezan dhyawn,,,Tommy McGinty and Johnson Edwards (Selkirk Indian Language Noun Dictionary 1977),,,tlʼyaw,1239,95,CR213,,,Tommy McGinty,Johnson Edwards
tools,pipe (metal),mezan dhyan,,,Tommy McGinty and Johnson Edwards (Selkirk Indian Language Noun Dictionary 1977),,,sráʼ,1240,95,CR213,,,Tommy McGinty,Johnson Edwards
tools,pliers,mezan adeʼáʼ,,,Tommy McGinty and Johnson Edwards (Selkirk Indian Language Noun Dictionary 1977),,,dechan tʼáʼ,1241,95,,,,Tommy McGinty,Johnson Edwards
tools,pump,tu hetthʼúnʼ,,,Tommy McGinty and Johnson Edwards (Selkirk Indian Language Noun Dictionary 1977),,,dechan hetsʼedetáʼ,1242,95,,,,Tommy McGinty,Johnson Edwards
tools,rake,uyí hutsʼetsʼat,,,Tommy McGinty and Johnson Edwards (Selkirk Indian Language Noun Dictionary 1977),,,uyí hetsʼedetáʼ,1243,95,,,,Tommy McGinty,Johnson Edwards
tools,rope,tlʼyaw,,,Tommy McGinty and Johnson Edwards (Selkirk Indian Language Noun Dictionary 1977),,,tlʼo uyí tsʼetʼáʼ,1244,95,,,,Tommy McGinty,Johnson Edwards
tools,knot,sráʼ,,,Tommy McGinty and Johnson Edwards (Selkirk Indian Language Noun Dictionary 1977),as in a rope - clarify in entry?,,tlʼo uyí tsʼetʼáʼ,1245,95,,,,Tommy McGinty,Johnson Edwards
tools,saw,dechan tʼáʼ,,,Tommy McGinty and Johnson Edwards (Selkirk Indian Language Noun Dictionary 1977),,,sagaw,1246,95,,,,Tommy McGinty,Johnson Edwards
tools,screw,dechan hetsʼedetáʼ,,,Tommy McGinty and Johnson Edwards (Selkirk Indian Language Noun Dictionary 1977),,,uyí hutsʼegwat,1247,95,,,,Tommy McGinty,Johnson Edwards
tools,screwdriver,uyí hetsʼedetáʼ,,,Tommy McGinty and Johnson Edwards (Selkirk Indian Language Noun Dictionary 1977),,,táángwat,1248,95,,,,Tommy McGinty,Johnson Edwards
tools,scythe,tlʼo uyí tsʼetʼáʼ,,,Tommy McGinty and Johnson Edwards (Selkirk Indian Language Noun Dictionary 1977),,,edhó zrúʼ,1249,95,CR214,,,Tommy McGinty,Johnson Edwards
tools,grass cutter,tlʼo uyí tsʼetʼáʼ,,,Tommy McGinty and Johnson Edwards (Selkirk Indian Language Noun Dictionary 1977),,,eka,1250,95,CR214,,,Tommy McGinty,Johnson Edwards
tools,sewing needle,sagaw,,,Tommy McGinty and Johnson Edwards (Selkirk Indian Language Noun Dictionary 1977),,,eghúʼ,1251,95,,,,Tommy McGinty,Johnson Edwards
tools,shovel,uyí hutsʼegwat,,,Tommy McGinty and Johnson Edwards (Selkirk Indian Language Noun Dictionary 1977),,,tsʼighúʼ,1252,95,,,,Tommy McGinty,Johnson Edwards
tools,skin flesher,táángwat,,,Tommy McGinty and Johnson Edwards (Selkirk Indian Language Noun Dictionary 1977),,tanning,srúʼ,1253,95,,,,Tommy McGinty,Johnson Edwards
tools,skin scraping pole,edhó zrúʼ,,,Tommy McGinty and Johnson Edwards (Selkirk Indian Language Noun Dictionary 1977),,tanning,sru hegáwʼ,1254,95,,,,Tommy McGinty,Johnson Edwards
tools,skin stretcher,eka,,,Tommy McGinty and Johnson Edwards (Selkirk Indian Language Noun Dictionary 1977),,tanning,e ínmbóʼ,1255,95,,,,Tommy McGinty,Johnson Edwards
tools,showshoe chisel,eghúʼ,,,Tommy McGinty and Johnson Edwards (Selkirk Indian Language Noun Dictionary 1977),,chisel,syáʼ,1256,95,CR215,,,Tommy McGinty,Johnson Edwards
tools,showshoe chisel,tsʼighúʼ,,,Tommy McGinty and Johnson Edwards (Selkirk Indian Language Noun Dictionary 1977),,chisel,sru hugáwʼ,1257,95,CR215,,,Tommy McGinty,Johnson Edwards
tools,showshoe drill,srúʼ,,,Tommy McGinty and Johnson Edwards (Selkirk Indian Language Noun Dictionary 1977),,drill,etsáwʼ zra,1258,95,CR216,,,Tommy McGinty,Johnson Edwards
tools,snowshoe drill,sru hegáwʼ,,,Tommy McGinty and Johnson Edwards (Selkirk Indian Language Noun Dictionary 1977),,drill,déddho,1259,95,CR216,,,Tommy McGinty,Johnson Edwards
tools,snowshoe tools,e ínmbóʼ,,,Tommy McGinty and Johnson Edwards (Selkirk Indian Language Noun Dictionary 1977),,,ndaw,1260,96,CR217,,,Tommy McGinty,Johnson Edwards
tools,snowshoe tools,syáʼ,,,Tommy McGinty and Johnson Edwards (Selkirk Indian Language Noun Dictionary 1977),,,mezan uyí tso tsʼesyát,1261,96,CR217,,,Tommy McGinty,Johnson Edwards
tools,snowshoe tools,sru hugáwʼ,,,Tommy McGinty and Johnson Edwards (Selkirk Indian Language Noun Dictionary 1977),,,tthékʼráʼ,1262,96,CR217,,,Tommy McGinty,Johnson Edwards
tools,tacks,etsáwʼ zra,,,Tommy McGinty and Johnson Edwards (Selkirk Indian Language Noun Dictionary 1977),,,mezan tlʼyaw,1263,96,,,,Tommy McGinty,Johnson Edwards
tools,tanning scraper,déddho,,,Tommy McGinty and Johnson Edwards (Selkirk Indian Language Noun Dictionary 1977),,tanning,mezan uyí ketsʼetʼáʼ,1264,96,,,,Tommy McGinty,Johnson Edwards
tools,wedge,ndaw,,,Tommy McGinty and Johnson Edwards (Selkirk Indian Language Noun Dictionary 1977),clarify context,,tsʼi,1265,96,CR218,,,Tommy McGinty,Johnson Edwards
tools,wedge,mezan uyí tso tsʼesyát,,,Tommy McGinty and Johnson Edwards (Selkirk Indian Language Noun Dictionary 1977),,,tsʼi,1266,96,CR218,,,Tommy McGinty,Johnson Edwards
tools,whetstone,tthékʼráʼ,,,Tommy McGinty and Johnson Edwards (Selkirk Indian Language Noun Dictionary 1977),,,tsʼi,1267,96,,,,Tommy McGinty,Johnson Edwards
tools,wire,mezan tlʼyaw,,,Tommy McGinty and Johnson Edwards (Selkirk Indian Language Noun Dictionary 1977),,,tsʼi tlʼéʼ,1268,96,,,,Tommy McGinty,Johnson Edwards
tools,wire cutter,mezan uyí ketsʼetʼáʼ,,,Tommy McGinty and Johnson Edwards (Selkirk Indian Language Noun Dictionary 1977),,,tsʼi tthíʼ,1269,96,,,,Tommy McGinty,Johnson Edwards
transportation,boat,tsʼi,,,Tommy McGinty and Johnson Edwards (Selkirk Indian Language Noun Dictionary 1977),,boat,edhóʼ tsʼi,1270,97,CR219,,,Tommy McGinty,Johnson Edwards
transportation,scow,tsʼi,,,Tommy McGinty and Johnson Edwards (Selkirk Indian Language Noun Dictionary 1977),,boat,tsʼi utlʼé kʼintʼra,1271,97,CR219,,,Tommy McGinty,Johnson Edwards
transportation,canoe,tsʼi,,,Tommy McGinty and Johnson Edwards (Selkirk Indian Language Noun Dictionary 1977),,boat,tsʼi zra,1272,97,CR219,,,Tommy McGinty,Johnson Edwards
transportation,back of boat,tsʼi tlʼéʼ,,,Tommy McGinty and Johnson Edwards (Selkirk Indian Language Noun Dictionary 1977),,boat,tsʼi delrúnʼ,1273,97,,,,Tommy McGinty,Johnson Edwards
transportation,front of boat,tsʼi tthíʼ,,,Tommy McGinty and Johnson Edwards (Selkirk Indian Language Noun Dictionary 1977),,boat,kʼi tsʼi,1274,97,,,,Tommy McGinty,Johnson Edwards
transportation,skin of boat,edhóʼ tsʼi,,,Tommy McGinty and Johnson Edwards (Selkirk Indian Language Noun Dictionary 1977),clarify context,boat,tsʼi íntthʼáʼ,1275,97,,,,Tommy McGinty,Johnson Edwards
transportation,square boat,tsʼi utlʼé kʼintʼra,,,Tommy McGinty and Johnson Edwards (Selkirk Indian Language Noun Dictionary 1977),,boat,nághwát,1276,97,,,,Tommy McGinty,Johnson Edwards
transportation,canoe,tsʼi zra,,,Tommy McGinty and Johnson Edwards (Selkirk Indian Language Noun Dictionary 1977),,boat,tátʼo,1277,97,CR220,,,Tommy McGinty,Johnson Edwards
transportation,canoe,tsʼi delrúnʼ,,,Tommy McGinty and Johnson Edwards (Selkirk Indian Language Noun Dictionary 1977),,boat,tsʼi tóʼ,1278,97,CR220,,,Tommy McGinty,Johnson Edwards
transportation,birchbark canoe,kʼi tsʼi,,,Tommy McGinty and Johnson Edwards (Selkirk Indian Language Noun Dictionary 1977),,boat,khwánʼ,1279,97,,,,Tommy McGinty,Johnson Edwards
transportation,crosspiece (canoe),tsʼi íntthʼáʼ,,,Tommy McGinty and Johnson Edwards (Selkirk Indian Language Noun Dictionary 1977),add context info? I added (),boat,tso łékechʼi ghwánʼ,1280,97,,,,Tommy McGinty,Johnson Edwards
transportation,ribs (canoe),nághwát,,,Tommy McGinty and Johnson Edwards (Selkirk Indian Language Noun Dictionary 1977),add context info? I added (),boat,khaw,1281,97,,,,Tommy McGinty,Johnson Edwards
transportation,paddle,tátʼo,,,Tommy McGinty and Johnson Edwards (Selkirk Indian Language Noun Dictionary 1977),,boat,khaw uchin utsʼedinyat,1282,97,,,,Tommy McGinty,Johnson Edwards
transportation,pole for boat,tsʼi tóʼ,,,Tommy McGinty and Johnson Edwards (Selkirk Indian Language Noun Dictionary 1977),,boat,e,1283,97,,,,Tommy McGinty,Johnson Edwards
transportation,raft,khwánʼ,,,Tommy McGinty and Johnson Edwards (Selkirk Indian Language Noun Dictionary 1977),,boat,e íntlʼyáwʼ,1284,97,,,,Tommy McGinty,Johnson Edwards
transportation,2-log raft,tso łékechʼi ghwánʼ,,,Tommy McGinty and Johnson Edwards (Selkirk Indian Language Noun Dictionary 1977),,boat,e chedúnʼ,1285,97,,,,Tommy McGinty,Johnson Edwards
transportation,sled,khaw,,,Tommy McGinty and Johnson Edwards (Selkirk Indian Language Noun Dictionary 1977),,sled,e déchánʼ,1286,97,,,,Tommy McGinty,Johnson Edwards
transportation,handlebars (sled),khaw uchin utsʼedinyat,,,Tommy McGinty and Johnson Edwards (Selkirk Indian Language Noun Dictionary 1977),add context info? I added (),sled,e dzeddháw íntthʼáʼ,1287,97,,,,Tommy McGinty,Johnson Edwards
transportation,snowshoe,e,,,Tommy McGinty and Johnson Edwards (Selkirk Indian Language Noun Dictionary 1977),,snowshoe,e cho,1288,97,,,,Tommy McGinty,Johnson Edwards
transportation,babiche (snowshoe),e íntlʼyáwʼ,,,Tommy McGinty and Johnson Edwards (Selkirk Indian Language Noun Dictionary 1977),add context info? I added ()does this refer to babiche specifically on a snowshoe? Clarify,snowshoe,tsʼetak,1289,97,,,,Tommy McGinty,Johnson Edwards
transportation,back of snowshoe,e chedúnʼ,,,Tommy McGinty and Johnson Edwards (Selkirk Indian Language Noun Dictionary 1977),,snowshoe,e kenłan,1290,97,,,,Tommy McGinty,Johnson Edwards
transportation,frame (snowshoe),e déchánʼ,,,Tommy McGinty and Johnson Edwards (Selkirk Indian Language Noun Dictionary 1977),add context info? I added (),snowshoe,e neghat,1291,97,,,,Tommy McGinty,Johnson Edwards
transportation,front crosspiece (of a snowshoe),e dzeddháw íntthʼáʼ,,,Tommy McGinty and Johnson Edwards (Selkirk Indian Language Noun Dictionary 1977),add context info? I added (),snowshoe,e ghat,1292,97,,,,Tommy McGinty,Johnson Edwards
transportation,hunting snowshoe,e cho,,,Tommy McGinty and Johnson Edwards (Selkirk Indian Language Noun Dictionary 1977),,snowshoe,e utsin kʼenétsʼók,1293,97,,,,Tommy McGinty,Johnson Edwards
transportation,joint (snowshoe),tsʼetak,,,Tommy McGinty and Johnson Edwards (Selkirk Indian Language Noun Dictionary 1977),add context info? I added (),snowshoe,e utsin kenedlyat,1294,98,,,,Tommy McGinty,Johnson Edwards
transportation,foot part (snowshoe),e kenłan,,,Tommy McGinty and Johnson Edwards (Selkirk Indian Language Noun Dictionary 1977),add context info? I added (),snowshoe,e sanámáʼ,1295,98,,,,Tommy McGinty,Johnson Edwards
transportation,netting (snowshoe),e neghat,,,Tommy McGinty and Johnson Edwards (Selkirk Indian Language Noun Dictionary 1977),add context info? I added (),snowshoe,e uttíʼ delrúnʼ,1296,98,CR221,,,Tommy McGinty,Johnson Edwards
transportation,netting (snowshoe),e ghat,,,Tommy McGinty and Johnson Edwards (Selkirk Indian Language Noun Dictionary 1977),add context info? I added (),snowshoe,e kénchʼáák,1297,98,CR221,,,Tommy McGinty,Johnson Edwards
transportation,pointed-nose snowshoe,e utsin kʼenétsʼók,,,Tommy McGinty and Johnson Edwards (Selkirk Indian Language Noun Dictionary 1977),,snowshoe,tangéʼ huʼéʼ,1298,98,CR222,,,Tommy McGinty,Johnson Edwards
transportation,pointed-nose snowshoe,e utsin kenedlyat,,,Tommy McGinty and Johnson Edwards (Selkirk Indian Language Noun Dictionary 1977),,snowshoe,tsʼi tsʼecho,1299,98,CR222,,,Tommy McGinty,Johnson Edwards
transportation,round-nose snowshoe,e sanámáʼ,,,Tommy McGinty and Johnson Edwards (Selkirk Indian Language Noun Dictionary 1977),,snowshoe,dlu,1300,98,CR223,,,Tommy McGinty,Johnson Edwards
transportation,round-nose snowshoe,e uttíʼ delrúnʼ,,,Tommy McGinty and Johnson Edwards (Selkirk Indian Language Noun Dictionary 1977),,snowshoe,kʼi dlu,1301,98,CR223,,,Tommy McGinty,Johnson Edwards
transportation,foot straps (snowshoe),e kénchʼáák,,,Tommy McGinty and Johnson Edwards (Selkirk Indian Language Noun Dictionary 1977),add context info? I added (),snowshoe,uzhí hutsʼenetsʼáwʼ,1302,98,,,,Tommy McGinty,Johnson Edwards
transportation,trail snowshoe,tangéʼ huʼéʼ,,,Tommy McGinty and Johnson Edwards (Selkirk Indian Language Noun Dictionary 1977),,snowshoe,uka detsʼedeʼyóʼ,1303,98,,,,Tommy McGinty,Johnson Edwards
transportation,steamboat,tsʼi tsʼecho,,,Tommy McGinty and Johnson Edwards (Selkirk Indian Language Noun Dictionary 1977),,boat,dlu tlʼéchínʼ,1304,98,,,,Tommy McGinty,Johnson Edwards
transportation,toboggan,dlu,,,Tommy McGinty and Johnson Edwards (Selkirk Indian Language Noun Dictionary 1977),,toboggan,dlu tlʼa hedle,1305,98,,,,Tommy McGinty,Johnson Edwards
transportation,birch toboggan,kʼi dlu,,,Tommy McGinty and Johnson Edwards (Selkirk Indian Language Noun Dictionary 1977),,toboggan,kesro,1306,98,,,,Tommy McGinty,Johnson Edwards
transportation,toboggan brake,uzhí hutsʼenetsʼáwʼ,,,Tommy McGinty and Johnson Edwards (Selkirk Indian Language Noun Dictionary 1977),,toboggan,kʼro,1307,98,CR224,,,Tommy McGinty,Johnson Edwards
transportation,toboggan brake,uka detsʼedeʼyóʼ,,,Tommy McGinty and Johnson Edwards (Selkirk Indian Language Noun Dictionary 1977),,toboggan,kʼro dzák,1308,98,CR224,,,Tommy McGinty,Johnson Edwards
transportation,handlebars (toboggan),dlu tlʼéchínʼ,,,Tommy McGinty and Johnson Edwards (Selkirk Indian Language Noun Dictionary 1977),,toboggan,kʼi,1309,98,,,,Tommy McGinty,Johnson Edwards
transportation,runners (toboggan),dlu tlʼa hedle,,,Tommy McGinty and Johnson Edwards (Selkirk Indian Language Noun Dictionary 1977),,toboggan,kʼedzák,1310,98,,,,Tommy McGinty,Johnson Edwards
"trees, plants, berries",alder (grey),kesro,,,Tommy McGinty and Johnson Edwards (Selkirk Indian Language Noun Dictionary 1977),,alder,kʼi syak,1311,99,,,,Tommy McGinty,Johnson Edwards
"trees, plants, berries",alder (red),kʼro,,,Tommy McGinty and Johnson Edwards (Selkirk Indian Language Noun Dictionary 1977),,alder,kʼi tʼyúnʼ,1312,99,,,,Tommy McGinty,Johnson Edwards
"trees, plants, berries","alder ""ear""",kʼro dzák,,,Tommy McGinty and Johnson Edwards (Selkirk Indian Language Noun Dictionary 1977),clarify context?,alder,łedun tʼo,1313,99,,,,Tommy McGinty,Johnson Edwards
"trees, plants, berries",birch,kʼi,,,Tommy McGinty and Johnson Edwards (Selkirk Indian Language Noun Dictionary 1977),,birch,gunʼ,1314,99,,,,Tommy McGinty,Johnson Edwards
"trees, plants, berries","birch ""ear""",kʼedzák,,,Tommy McGinty and Johnson Edwards (Selkirk Indian Language Noun Dictionary 1977),clarify context?,birch,tʼo,1315,99,,,,Tommy McGinty,Johnson Edwards
"trees, plants, berries",inside bark (birch),kʼi syak,,,Tommy McGinty and Johnson Edwards (Selkirk Indian Language Noun Dictionary 1977),,birch,tʼó kʼánʼ,1316,99,,,,Tommy McGinty,Johnson Edwards
"trees, plants, berries",outside bark (birch),kʼi tʼyúnʼ,,,Tommy McGinty and Johnson Edwards (Selkirk Indian Language Noun Dictionary 1977),,birch,tsʼok,1317,99,,,,Tommy McGinty,Johnson Edwards
"trees, plants, berries",cottonwood,łedun tʼo,,,Tommy McGinty and Johnson Edwards (Selkirk Indian Language Noun Dictionary 1977),,,tsʼok mbra,1318,99,,,,Tommy McGinty,Johnson Edwards
"trees, plants, berries",jackpine,gunʼ,,,Tommy McGinty and Johnson Edwards (Selkirk Indian Language Noun Dictionary 1977),,,tsʼok tʼyúnʼ,1319,99,,,,Tommy McGinty,Johnson Edwards
"trees, plants, berries",poplar,tʼo,,,Tommy McGinty and Johnson Edwards (Selkirk Indian Language Noun Dictionary 1977),,poplar,thungáánʼ,1320,99,,,,Tommy McGinty,Johnson Edwards
"trees, plants, berries",poplar sap,tʼó kʼánʼ,,,Tommy McGinty and Johnson Edwards (Selkirk Indian Language Noun Dictionary 1977),,poplar,tsʼok áwʼ,1321,99,,,,Tommy McGinty,Johnson Edwards
"trees, plants, berries",spruce,tsʼok,,,Tommy McGinty and Johnson Edwards (Selkirk Indian Language Noun Dictionary 1977),,spruce,daladzan,1322,99,,,,Tommy McGinty,Johnson Edwards
"trees, plants, berries",small red spruce,tsʼok mbra,,,Tommy McGinty and Johnson Edwards (Selkirk Indian Language Noun Dictionary 1977),,spruce,tsʼok dádzáwʼ,1323,99,,,,Tommy McGinty,Johnson Edwards
"trees, plants, berries",spruce bark,tsʼok tʼyúnʼ,,,Tommy McGinty and Johnson Edwards (Selkirk Indian Language Noun Dictionary 1977),"does tʼyúnʼ refer to ""outside"" bark of any tree? See outside bark (birch)",spruce,tsʼók dzíʼ,1324,99,,,,Tommy McGinty,Johnson Edwards
"trees, plants, berries",spruce branch (dry),thungáánʼ,,,Tommy McGinty and Johnson Edwards (Selkirk Indian Language Noun Dictionary 1977),,spruce,dzíʼ delon,1325,99,,,,Tommy McGinty,Johnson Edwards
"trees, plants, berries",spruce boughs,tsʼok áwʼ,,,Tommy McGinty and Johnson Edwards (Selkirk Indian Language Noun Dictionary 1977),,spruce,dzíʼ tlʼrúʼ,1326,99,,,,Tommy McGinty,Johnson Edwards
"trees, plants, berries",spruce cone,daladzan,,,Tommy McGinty and Johnson Edwards (Selkirk Indian Language Noun Dictionary 1977),,spruce,tsʼok thúnʼáwʼ,1327,99,CR225,,,Tommy McGinty,Johnson Edwards
"trees, plants, berries",spruce cone,tsʼok dádzáwʼ,,,Tommy McGinty and Johnson Edwards (Selkirk Indian Language Noun Dictionary 1977),,spruce,tsʼagat,1328,99,CR225,,,Tommy McGinty,Johnson Edwards
"trees, plants, berries",spruce gum,tsʼók dzíʼ,,,Tommy McGinty and Johnson Edwards (Selkirk Indian Language Noun Dictionary 1977),,spruce,dagat,1329,99,,,,Tommy McGinty,Johnson Edwards
"trees, plants, berries",hard gum (spruce),dzíʼ delon,,,Tommy McGinty and Johnson Edwards (Selkirk Indian Language Noun Dictionary 1977),add context info? I added (),spruce,khay,1330,99,,,,Tommy McGinty,Johnson Edwards
"trees, plants, berries",sticky gum (spruce),dzíʼ tlʼrúʼ,,,Tommy McGinty and Johnson Edwards (Selkirk Indian Language Noun Dictionary 1977),add context info? I added (),spruce,ézhúnʼ nyan,1331,99,,,,Tommy McGinty,Johnson Edwards
"trees, plants, berries",spruce limb,tsʼok thúnʼáwʼ,,,Tommy McGinty and Johnson Edwards (Selkirk Indian Language Noun Dictionary 1977),,spruce,kʼáyʼ,1332,100,,,,Tommy McGinty,Johnson Edwards
"trees, plants, berries",spruce needles,tsʼagat,,,Tommy McGinty and Johnson Edwards (Selkirk Indian Language Noun Dictionary 1977),,spruce,kʼáyʼ tso,1333,100,CR226,,,Tommy McGinty,Johnson Edwards
"trees, plants, berries",spruce needles,dagat,,,Tommy McGinty and Johnson Edwards (Selkirk Indian Language Noun Dictionary 1977),,spruce,kʼáyʼ the,1334,100,CR226,,,Tommy McGinty,Johnson Edwards
"trees, plants, berries",spruce roots,khay,,,Tommy McGinty and Johnson Edwards (Selkirk Indian Language Noun Dictionary 1977),,spruce,kʼáy drun,1335,100,,,,Tommy McGinty,Johnson Edwards
"trees, plants, berries",tamarack,ézhúnʼ nyan,,,Tommy McGinty and Johnson Edwards (Selkirk Indian Language Noun Dictionary 1977),,willow,kʼáyʼ lyóʼ,1336,100,,,,Tommy McGinty,Johnson Edwards
"trees, plants, berries",willow,kʼáyʼ,,,Tommy McGinty and Johnson Edwards (Selkirk Indian Language Noun Dictionary 1977),,willow,kʼáyʼ tlʼak,1337,100,,,,Tommy McGinty,Johnson Edwards
"trees, plants, berries",dry willow used for firewood,kʼáyʼ tso,,,Tommy McGinty and Johnson Edwards (Selkirk Indian Language Noun Dictionary 1977),,willow,kʼáyʼ chʼát,1338,100,,,,Tommy McGinty,Johnson Edwards
"trees, plants, berries",grey willow,kʼáyʼ the,,,Tommy McGinty and Johnson Edwards (Selkirk Indian Language Noun Dictionary 1977),,willow,lasháʼ,1339,100,,,,Tommy McGinty,Johnson Edwards
"trees, plants, berries",red willow shoots,kʼáy drun,,,Tommy McGinty and Johnson Edwards (Selkirk Indian Language Noun Dictionary 1977),,willow,losha,1340,100,,,,Tommy McGinty,Johnson Edwards
"trees, plants, berries",willow ashes used for tobacco,kʼáyʼ lyóʼ,,,Tommy McGinty and Johnson Edwards (Selkirk Indian Language Noun Dictionary 1977),,willow,łruan,1341,100,,,,Tommy McGinty,Johnson Edwards
"trees, plants, berries",willow roots used for rope,kʼáyʼ tlʼak,,,Tommy McGinty and Johnson Edwards (Selkirk Indian Language Noun Dictionary 1977),,willow,hudzak,1342,100,,,,Tommy McGinty,Johnson Edwards
"trees, plants, berries",willow used for rope,kʼáyʼ chʼát,,,Tommy McGinty and Johnson Edwards (Selkirk Indian Language Noun Dictionary 1977),,willow,hudzyak,1343,100,,,,Tommy McGinty,Johnson Edwards
"trees, plants, berries",bluebell,lasháʼ,,,Tommy McGinty and Johnson Edwards (Selkirk Indian Language Noun Dictionary 1977),,plant,hudetsʼáwʼ,1344,100,CR227,,,Tommy McGinty,Johnson Edwards
"trees, plants, berries",bluebell,losha,,,Tommy McGinty and Johnson Edwards (Selkirk Indian Language Noun Dictionary 1977),,plant,ttha,1345,100,CR227,,,Tommy McGinty,Johnson Edwards
"trees, plants, berries",buckbrush,łruan,,,Tommy McGinty and Johnson Edwards (Selkirk Indian Language Noun Dictionary 1977),,plant,gúnʼ kʼálatro,1346,100,,,,Tommy McGinty,Johnson Edwards
"trees, plants, berries",burrs,hudzak,,,Tommy McGinty and Johnson Edwards (Selkirk Indian Language Noun Dictionary 1977),,plant,gúnʼ kʼálatro,1347,100,CR228,,,Tommy McGinty,Johnson Edwards
"trees, plants, berries",burrs,hudzyak,,,Tommy McGinty and Johnson Edwards (Selkirk Indian Language Noun Dictionary 1977),,plant,tsʼekʼan gúnʼ,1348,100,CR228,,,Tommy McGinty,Johnson Edwards
"trees, plants, berries",bushes (thick),hudetsʼáwʼ,,,Tommy McGinty and Johnson Edwards (Selkirk Indian Language Noun Dictionary 1977),,plant,tlʼo tlʼaat léʼ,1349,100,,,,Tommy McGinty,Johnson Edwards
"trees, plants, berries",carrot-like root,ttha,,,Tommy McGinty and Johnson Edwards (Selkirk Indian Language Noun Dictionary 1977),,plant,łetyáʼ,1350,100,,,,Tommy McGinty,Johnson Edwards
"trees, plants, berries",catkins,gúnʼ kʼálatro,,,Tommy McGinty and Johnson Edwards (Selkirk Indian Language Noun Dictionary 1977),,plant,trotyáʼ,1351,100,CR229,,,Tommy McGinty,Johnson Edwards
"trees, plants, berries",cotton-like fireweed,gúnʼ kʼálatro,,,Tommy McGinty and Johnson Edwards (Selkirk Indian Language Noun Dictionary 1977),,plant,tso yíntʼróʼ,1352,100,CR229,,,Tommy McGinty,Johnson Edwards
"trees, plants, berries",fireweed,tsʼekʼan gúnʼ,,,Tommy McGinty and Johnson Edwards (Selkirk Indian Language Noun Dictionary 1977),,plant,tlʼo,1353,100,,,,Tommy McGinty,Johnson Edwards
"trees, plants, berries",fox tail,tlʼo tlʼaat léʼ,,,Tommy McGinty and Johnson Edwards (Selkirk Indian Language Noun Dictionary 1977),,plant,sráʼ,1354,100,,,,Tommy McGinty,Johnson Edwards
"trees, plants, berries","fungus (""ear-like"" growth on tree)",łetyáʼ,,,Tommy McGinty and Johnson Edwards (Selkirk Indian Language Noun Dictionary 1977),,fungus,tsʼágóʼ,1355,101,CR230,,,Tommy McGinty,Johnson Edwards
"trees, plants, berries","fungus (""ear-like"" growth on tree)",trotyáʼ,,,Tommy McGinty and Johnson Edwards (Selkirk Indian Language Noun Dictionary 1977),,fungus,intʼen,1356,101,CR230,,,Tommy McGinty,Johnson Edwards
"trees, plants, berries","fungus (""jelly-like"" growth on wood)",tso yíntʼróʼ,,,Tommy McGinty and Johnson Edwards (Selkirk Indian Language Noun Dictionary 1977),,fungus,udzi júʼ,1357,101,CR230,,,Tommy McGinty,Johnson Edwards
"trees, plants, berries",grass,tlʼo,,,Tommy McGinty and Johnson Edwards (Selkirk Indian Language Noun Dictionary 1977),,plant,ejúʼ,1358,101,,,,Tommy McGinty,Johnson Edwards
"trees, plants, berries",knot on tree,sráʼ,,,Tommy McGinty and Johnson Edwards (Selkirk Indian Language Noun Dictionary 1977),,wood,tthi tʼók,1359,101,,,,Tommy McGinty,Johnson Edwards
"trees, plants, berries",Labrador tea,tsʼágóʼ,,,Tommy McGinty and Johnson Edwards (Selkirk Indian Language Noun Dictionary 1977),,plant,nínmbáyʼ,1360,101,,,,Tommy McGinty,Johnson Edwards
"trees, plants, berries",leaf,intʼen,,,Tommy McGinty and Johnson Edwards (Selkirk Indian Language Noun Dictionary 1977),,plant,tádlaat,1361,101,,,,Tommy McGinty,Johnson Edwards
"trees, plants, berries",lichen (cariboo feed),udzi júʼ,,,Tommy McGinty and Johnson Edwards (Selkirk Indian Language Noun Dictionary 1977),,lichen,tetlok,1362,101,CR231,,,Tommy McGinty,Johnson Edwards
"trees, plants, berries",lichen (cariboo feed),ejúʼ,,,Tommy McGinty and Johnson Edwards (Selkirk Indian Language Noun Dictionary 1977),,lichen,nínmbáyʼ detʼaw,1363,101,CR231,,,Tommy McGinty,Johnson Edwards
"trees, plants, berries",lichen (?) (acid-like stain on rock),tthi tʼók,,,Tommy McGinty and Johnson Edwards (Selkirk Indian Language Noun Dictionary 1977),,lichen,níngay,1364,101,,,,Tommy McGinty,Johnson Edwards
"trees, plants, berries",moss,nínmbáyʼ,,,Tommy McGinty and Johnson Edwards (Selkirk Indian Language Noun Dictionary 1977),,moss,,1365,101,,,,Tommy McGinty,Johnson Edwards
"trees, plants, berries",lake moss,tádlaat,,,Tommy McGinty and Johnson Edwards (Selkirk Indian Language Noun Dictionary 1977),,moss,kachéchʼák,1366,101,CR232,,,Tommy McGinty,Johnson Edwards
"trees, plants, berries",lake moss,tetlok,,,Tommy McGinty and Johnson Edwards (Selkirk Indian Language Noun Dictionary 1977),,moss,dlák ndíʼ,1367,101,CR232,,,Tommy McGinty,Johnson Edwards
"trees, plants, berries",red moss,nínmbáyʼ detʼaw,,,Tommy McGinty and Johnson Edwards (Selkirk Indian Language Noun Dictionary 1977),,moss,sra tsók,1368,101,,,,Tommy McGinty,Johnson Edwards
"trees, plants, berries",white moss,níngay,,,Tommy McGinty and Johnson Edwards (Selkirk Indian Language Noun Dictionary 1977),,moss,chen ghróʼ,1369,101,,,,Tommy McGinty,Johnson Edwards
"trees, plants, berries",mushroom,,,,Tommy McGinty and Johnson Edwards (Selkirk Indian Language Noun Dictionary 1977),,dlák nínʼ,nan tʼyók,1370,101,,,,Tommy McGinty,Johnson Edwards
"trees, plants, berries",grey-top mushroom,kachéchʼák,,,Tommy McGinty and Johnson Edwards (Selkirk Indian Language Noun Dictionary 1977),,mushroom,tsʼegúnʼ,1371,101,,,,Tommy McGinty,Johnson Edwards
"trees, plants, berries",orange-top mushroom,dlák ndíʼ,,,Tommy McGinty and Johnson Edwards (Selkirk Indian Language Noun Dictionary 1977),,mushroom,tlin tsin daw,1372,101,,,,Tommy McGinty,Johnson Edwards
"trees, plants, berries",poque plant,sra tsók,,,Tommy McGinty and Johnson Edwards (Selkirk Indian Language Noun Dictionary 1977),,mushroom,nunchan,1373,101,,,,Tommy McGinty,Johnson Edwards
"trees, plants, berries",puffball,chen ghróʼ,,,Tommy McGinty and Johnson Edwards (Selkirk Indian Language Noun Dictionary 1977),,mushroom,khro,1374,101,,,,Tommy McGinty,Johnson Edwards
"trees, plants, berries",largest puffballs,nan tʼyók,,,Tommy McGinty and Johnson Edwards (Selkirk Indian Language Noun Dictionary 1977),,mushroom,khro,1375,101,,,,Tommy McGinty,Johnson Edwards
"trees, plants, berries",rhubarb,tsʼegúnʼ,,,Tommy McGinty and Johnson Edwards (Selkirk Indian Language Noun Dictionary 1977),,plant,katʼaak,1376,101,,,,Tommy McGinty,Johnson Edwards
"trees, plants, berries",strawberry blite,tlin tsin daw,,,Tommy McGinty and Johnson Edwards (Selkirk Indian Language Noun Dictionary 1977),,berry,kadatʼaak,1377,101,,,,Tommy McGinty,Johnson Edwards
"trees, plants, berries",stump,nunchan,,,Tommy McGinty and Johnson Edwards (Selkirk Indian Language Noun Dictionary 1977),,wood,gun,1378,102,,,,Tommy McGinty,Johnson Edwards
"trees, plants, berries",thorn,khro,,,Tommy McGinty and Johnson Edwards (Selkirk Indian Language Noun Dictionary 1977),,plant,guan,1379,102,CR233,,,Tommy McGinty,Johnson Edwards
"trees, plants, berries",thornbush,khro,,,Tommy McGinty and Johnson Edwards (Selkirk Indian Language Noun Dictionary 1977),,plant,intsʼyan,1380,102,CR233,,,Tommy McGinty,Johnson Edwards
"trees, plants, berries",water lily,katʼaak,,,Tommy McGinty and Johnson Edwards (Selkirk Indian Language Noun Dictionary 1977),,plant,dan nekhrúnʼ tlʼóʼ,1381,102,CR234,,,Tommy McGinty,Johnson Edwards
"trees, plants, berries",water lily,kadatʼaak,,,Tommy McGinty and Johnson Edwards (Selkirk Indian Language Noun Dictionary 1977),,plant,dechan,1382,102,CR234,,,Tommy McGinty,Johnson Edwards
"trees, plants, berries",weed (any),gun,,,Tommy McGinty and Johnson Edwards (Selkirk Indian Language Noun Dictionary 1977),,plant,dechan,1383,102,CR235,,,Tommy McGinty,Johnson Edwards
"trees, plants, berries",weed (any),guan,,,Tommy McGinty and Johnson Edwards (Selkirk Indian Language Noun Dictionary 1977),,plant,tádóʼ,1384,102,CR235,,,Tommy McGinty,Johnson Edwards
"trees, plants, berries",wild celery,intsʼyan,,,Tommy McGinty and Johnson Edwards (Selkirk Indian Language Noun Dictionary 1977),,plant,tso,1385,102,,,,Tommy McGinty,Johnson Edwards
"trees, plants, berries",wild onion,dan nekhrúnʼ tlʼóʼ,,,Tommy McGinty and Johnson Edwards (Selkirk Indian Language Noun Dictionary 1977),,plant,tso nédóʼ,1386,102,,,,Tommy McGinty,Johnson Edwards
"trees, plants, berries",wood,dechan,,,Tommy McGinty and Johnson Edwards (Selkirk Indian Language Noun Dictionary 1977),,wood,neshúnʼ khen,1387,102,CR236,,,Tommy McGinty,Johnson Edwards
"trees, plants, berries",stick,dechan,,,Tommy McGinty and Johnson Edwards (Selkirk Indian Language Noun Dictionary 1977),,wood,nakadáyʼ,1388,102,CR236,,,Tommy McGinty,Johnson Edwards
"trees, plants, berries",driftwood,tádóʼ,,,Tommy McGinty and Johnson Edwards (Selkirk Indian Language Noun Dictionary 1977),,wod,tantsánʼ,1389,102,,,,Tommy McGinty,Johnson Edwards
"trees, plants, berries",firewood,tso,,,Tommy McGinty and Johnson Edwards (Selkirk Indian Language Noun Dictionary 1977),,wod,ják,1390,102,,,,Tommy McGinty,Johnson Edwards
"trees, plants, berries",twisted-grain wood,tso nédóʼ,,,Tommy McGinty and Johnson Edwards (Selkirk Indian Language Noun Dictionary 1977),provide more explanation in entry?,wood,jak tthíʼ,1391,102,,,,Tommy McGinty,Johnson Edwards
"trees, plants, berries",unidentified plants,neshúnʼ khen,,,Tommy McGinty and Johnson Edwards (Selkirk Indian Language Noun Dictionary 1977),,,ják denínzínʼ,1392,102,CR237,,,Tommy McGinty,Johnson Edwards
"trees, plants, berries",unidentified plants,nakadáyʼ,,,Tommy McGinty and Johnson Edwards (Selkirk Indian Language Noun Dictionary 1977),,,ják dalon,1393,102,CR237,,,Tommy McGinty,Johnson Edwards
"trees, plants, berries",unidentified plants,tantsánʼ,,,Tommy McGinty and Johnson Edwards (Selkirk Indian Language Noun Dictionary 1977),,,dentʼróʼ,1394,102,CR237,,,Tommy McGinty,Johnson Edwards
"trees, plants, berries",berry,ják,,,Tommy McGinty and Johnson Edwards (Selkirk Indian Language Noun Dictionary 1977),,berry,dentʼróʼ,1395,102,,,,Tommy McGinty,Johnson Edwards
"trees, plants, berries",berry seed,jak tthíʼ,,,Tommy McGinty and Johnson Edwards (Selkirk Indian Language Noun Dictionary 1977),,berry,tsʼa ják,1396,102,,,,Tommy McGinty,Johnson Edwards
"trees, plants, berries",ripe berry,ják denínzínʼ,,,Tommy McGinty and Johnson Edwards (Selkirk Indian Language Noun Dictionary 1977),,berry,nénindhe,1397,102,,,,Tommy McGinty,Johnson Edwards
"trees, plants, berries",unripe berry,ják dalon,,,Tommy McGinty and Johnson Edwards (Selkirk Indian Language Noun Dictionary 1977),,berry,néndhe,1398,102,,,,Tommy McGinty,Johnson Edwards
"trees, plants, berries",blackberries,dentʼróʼ,,,Tommy McGinty and Johnson Edwards (Selkirk Indian Language Noun Dictionary 1977),,berry,ják denintlʼrun,1399,102,CR238,,,Tommy McGinty,Johnson Edwards
"trees, plants, berries",mossberries,dentʼróʼ,,,Tommy McGinty and Johnson Edwards (Selkirk Indian Language Noun Dictionary 1977),,berry,di cho ják,1400,102,CR238,,,Tommy McGinty,Johnson Edwards
"trees, plants, berries",blackberries (?),tsʼa ják,,,Tommy McGinty and Johnson Edwards (Selkirk Indian Language Noun Dictionary 1977),the ? Is in the original entry,berry,nánmbéʼ,1401,102,,,,Tommy McGinty,Johnson Edwards
"trees, plants, berries",blueberries,nénindhe,,,Tommy McGinty and Johnson Edwards (Selkirk Indian Language Noun Dictionary 1977),,berry,nantlat,1402,102,CR239,,,Tommy McGinty,Johnson Edwards
"trees, plants, berries",blueberries,néndhe,,,Tommy McGinty and Johnson Edwards (Selkirk Indian Language Noun Dictionary 1977),,berry,tsʼónkʼe ják,1403,102,CR239,,,Tommy McGinty,Johnson Edwards
"trees, plants, berries",blueberries,ják denintlʼrun,,,Tommy McGinty and Johnson Edwards (Selkirk Indian Language Noun Dictionary 1977),,berry,tséntthya,1404,102,CR239,,,Tommy McGinty,Johnson Edwards
"trees, plants, berries",blue grouse berries,di cho ják,,,Tommy McGinty and Johnson Edwards (Selkirk Indian Language Noun Dictionary 1977),,berry,gókhyóʼ,1405,103,,,,Tommy McGinty,Johnson Edwards
"trees, plants, berries",bunchberries (?) ,nánmbéʼ,,,Tommy McGinty and Johnson Edwards (Selkirk Indian Language Noun Dictionary 1977),the ? Is in the original entry,berry,intlʼát,1406,103,CR240,,,Tommy McGinty,Johnson Edwards
"trees, plants, berries",bunchberries (?) ,nantlat,,,Tommy McGinty and Johnson Edwards (Selkirk Indian Language Noun Dictionary 1977),the ? Is in the original entry,berry,nintlʼát,1407,103,CR240,,,Tommy McGinty,Johnson Edwards
"trees, plants, berries",camprobber berries,tsʼónkʼe ják,,,Tommy McGinty and Johnson Edwards (Selkirk Indian Language Noun Dictionary 1977),,berry,tlin ják,1408,103,,,,Tommy McGinty,Johnson Edwards
"trees, plants, berries",cranberries (high-bush),tséntthya,,,Tommy McGinty and Johnson Edwards (Selkirk Indian Language Noun Dictionary 1977),,berry,tsʼekʼi ják,1409,103,CR241,,,Tommy McGinty,Johnson Edwards
"trees, plants, berries",cranberries (high-bush),gókhyóʼ,,,Tommy McGinty and Johnson Edwards (Selkirk Indian Language Noun Dictionary 1977),,berry,dechʼok ják,1410,103,CR241,,,Tommy McGinty,Johnson Edwards
"trees, plants, berries",cranberries (low-bush),intlʼát,,,Tommy McGinty and Johnson Edwards (Selkirk Indian Language Noun Dictionary 1977),,berry,tʼanchʼok,1411,103,CR242,,,Tommy McGinty,Johnson Edwards
"trees, plants, berries",cranberries (low-bush),nintlʼát,,,Tommy McGinty and Johnson Edwards (Selkirk Indian Language Noun Dictionary 1977),,berry,ninchúnʼ,1412,103,CR242,,,Tommy McGinty,Johnson Edwards
"trees, plants, berries",currants,tlin ják,,,Tommy McGinty and Johnson Edwards (Selkirk Indian Language Noun Dictionary 1977),,berry,dan ják,1413,103,,,,Tommy McGinty,Johnson Edwards
"trees, plants, berries",juniper berries,tsʼekʼi ják,,,Tommy McGinty and Johnson Edwards (Selkirk Indian Language Noun Dictionary 1977),I added ʼberriesʼ,berry,ninghro,1414,103,,,,Tommy McGinty,Johnson Edwards
"trees, plants, berries",raspberries,dechʼok ják,,,Tommy McGinty and Johnson Edwards (Selkirk Indian Language Noun Dictionary 1977),,berry,ják nelon,1415,103,CR243,,,Tommy McGinty,Johnson Edwards
"trees, plants, berries",raspberries,tʼanchʼok,,,Tommy McGinty and Johnson Edwards (Selkirk Indian Language Noun Dictionary 1977),,berry,hutsía ják,1416,103,CR243,,,Tommy McGinty,Johnson Edwards
"trees, plants, berries",rosehips,ninchúnʼ,,,Tommy McGinty and Johnson Edwards (Selkirk Indian Language Noun Dictionary 1977),,berry,hutsíʼ ják,1417,103,,,,Tommy McGinty,Johnson Edwards
"trees, plants, berries",silverberries,dan ják,,,Tommy McGinty and Johnson Edwards (Selkirk Indian Language Noun Dictionary 1977),,berry,datlʼaw ják,1418,103,,,,Tommy McGinty,Johnson Edwards
"trees, plants, berries",soapberries,ninghro,,,Tommy McGinty and Johnson Edwards (Selkirk Indian Language Noun Dictionary 1977),,berry,nuntʼína ják,1419,103,,,,Tommy McGinty,Johnson Edwards
"trees, plants, berries",stoneberries,ják nelon,,,Tommy McGinty and Johnson Edwards (Selkirk Indian Language Noun Dictionary 1977),,berry,tsʼankʼan,1420,103,,,,Tommy McGinty,Johnson Edwards
"trees, plants, berries",strawberries,hutsía ják,,,Tommy McGinty and Johnson Edwards (Selkirk Indian Language Noun Dictionary 1977),,berry,khro ják,1421,103,CR244,,,Tommy McGinty,Johnson Edwards
"trees, plants, berries",strawberries,hutsíʼ ják,,,Tommy McGinty and Johnson Edwards (Selkirk Indian Language Noun Dictionary 1977),,berry,duhulíʼ,1422,103,CR244,,,Tommy McGinty,Johnson Edwards
"trees, plants, berries",unidenfied berries,datlʼaw ják,,,Tommy McGinty and Johnson Edwards (Selkirk Indian Language Noun Dictionary 1977),clarify with Speaker?,berry,hudétsʼíʼ,1423,103,,,,Tommy McGinty,Johnson Edwards
"trees, plants, berries",unidenfied berries,nuntʼína ják,,,Tommy McGinty and Johnson Edwards (Selkirk Indian Language Noun Dictionary 1977),clarify with Speaker?,berry,dechan tʼa,1424,103,,,,Tommy McGinty,Johnson Edwards
"trees, plants, berries",unidenfied berries,tsʼankʼan,,,Tommy McGinty and Johnson Edwards (Selkirk Indian Language Noun Dictionary 1977),clarify with Speaker?,berry,dechan detʼa,1425,103,,,,Tommy McGinty,Johnson Edwards
"trees, plants, berries",unidenfied berries,khro ják,,,Tommy McGinty and Johnson Edwards (Selkirk Indian Language Noun Dictionary 1977),clarify with Speaker?,berry,dechan tʼa,1426,103,,,,Tommy McGinty,Johnson Edwards
miscellaneous,bad luck,duhulíʼ,,,Tommy McGinty and Johnson Edwards (Selkirk Indian Language Noun Dictionary 1977),,,dechan detʼa,1427,104,,,,Tommy McGinty,Johnson Edwards
miscellaneous,bad thing,hudétsʼíʼ,,,Tommy McGinty and Johnson Edwards (Selkirk Indian Language Noun Dictionary 1977),,,nełezrúʼ,1428,104,,,,Tommy McGinty,Johnson Edwards
miscellaneous,boards,dechan tʼa,,,Tommy McGinty and Johnson Edwards (Selkirk Indian Language Noun Dictionary 1977),,,dełezrúʼ,1429,104,CR245,,,Tommy McGinty,Johnson Edwards
miscellaneous,boards,dechan detʼa,,,Tommy McGinty and Johnson Edwards (Selkirk Indian Language Noun Dictionary 1977),,,łohogrónʼ,1430,104,CR245,,,Tommy McGinty,Johnson Edwards
miscellaneous,lumber,dechan tʼa,,,Tommy McGinty and Johnson Edwards (Selkirk Indian Language Noun Dictionary 1977),,,łohogrónʼ,1431,104,CR245,,,Tommy McGinty,Johnson Edwards
miscellaneous,lumber,dechan detʼa,,,Tommy McGinty and Johnson Edwards (Selkirk Indian Language Noun Dictionary 1977),,,kya,1432,104,CR245,,,Tommy McGinty,Johnson Edwards
miscellaneous,bridge,nełezrúʼ,,,Tommy McGinty and Johnson Edwards (Selkirk Indian Language Noun Dictionary 1977),,,kyaw,1433,104,CR246,,,Tommy McGinty,Johnson Edwards
miscellaneous,bridge,dełezrúʼ,,,Tommy McGinty and Johnson Edwards (Selkirk Indian Language Noun Dictionary 1977),,,tsʼekondra,1434,104,CR246,,,Tommy McGinty,Johnson Edwards
miscellaneous,clean place,łohogrónʼ,,,Tommy McGinty and Johnson Edwards (Selkirk Indian Language Noun Dictionary 1977),,,tsʼekondra,1435,104,CR247,,,Tommy McGinty,Johnson Edwards
miscellaneous,pure,łohogrónʼ,,,Tommy McGinty and Johnson Edwards (Selkirk Indian Language Noun Dictionary 1977),clarify context?,,tling yáʼ,1436,104,CR247,,,Tommy McGinty,Johnson Edwards
miscellaneous,credit,kya,,,Tommy McGinty and Johnson Edwards (Selkirk Indian Language Noun Dictionary 1977),clarify which sense of ʼcreditʼ they mean,,hutsʼeneshi yétyaak,1437,104,CR248,,,Tommy McGinty,Johnson Edwards
miscellaneous,credit,kyaw,,,Tommy McGinty and Johnson Edwards (Selkirk Indian Language Noun Dictionary 1977),clarify which sense of ʼcreditʼ they mean,,hutsʼeneshi yétyaak,1438,104,CR248,,,Tommy McGinty,Johnson Edwards
miscellaneous,devil,tsʼekondra,,,Tommy McGinty and Johnson Edwards (Selkirk Indian Language Noun Dictionary 1977),,,łyok dákáʼ,1439,104,CR249,,,Tommy McGinty,Johnson Edwards
miscellaneous,demon,tsʼekondra,,,Tommy McGinty and Johnson Edwards (Selkirk Indian Language Noun Dictionary 1977),,,nuhuzhi,1440,104,CR249,,,Tommy McGinty,Johnson Edwards
miscellaneous,dogpack,tling yáʼ,,,Tommy McGinty and Johnson Edwards (Selkirk Indian Language Noun Dictionary 1977),,,nuhuzhi,1441,104,,,,Tommy McGinty,Johnson Edwards
miscellaneous,farm,hutsʼeneshi yétyaak,,,Tommy McGinty and Johnson Edwards (Selkirk Indian Language Noun Dictionary 1977),,,nahuzhi,1442,104,CR250,,,Tommy McGinty,Johnson Edwards
miscellaneous,garden,hutsʼeneshi yétyaak,,,Tommy McGinty and Johnson Edwards (Selkirk Indian Language Noun Dictionary 1977),,,nahuzhi,1443,104,CR250,,,Tommy McGinty,Johnson Edwards
miscellaneous,fish rack,łyok dákáʼ,,,Tommy McGinty and Johnson Edwards (Selkirk Indian Language Noun Dictionary 1977),,,tsan,1444,104,,,,Tommy McGinty,Johnson Edwards
miscellaneous,fun,nuhuzhi,,,Tommy McGinty and Johnson Edwards (Selkirk Indian Language Noun Dictionary 1977),,,tsan,1445,104,CR251,,,Tommy McGinty,Johnson Edwards
miscellaneous,good times,nuhuzhi,,,Tommy McGinty and Johnson Edwards (Selkirk Indian Language Noun Dictionary 1977),,,tsan tʼetsʼetlʼáyʼ,1446,104,CR251,,,Tommy McGinty,Johnson Edwards
miscellaneous,fun,nahuzhi,,,Tommy McGinty and Johnson Edwards (Selkirk Indian Language Noun Dictionary 1977),,,utʼóhodintʼi,1447,104,CR251,,,Tommy McGinty,Johnson Edwards
miscellaneous,good times,nahuzhi,,,Tommy McGinty and Johnson Edwards (Selkirk Indian Language Noun Dictionary 1977),,,ukeʼin,1448,104,CR251,,,Tommy McGinty,Johnson Edwards
miscellaneous,garbage,tsan,,,Tommy McGinty and Johnson Edwards (Selkirk Indian Language Noun Dictionary 1977),,,tthʼan kʼyáát,1449,104,,,,Tommy McGinty,Johnson Edwards
miscellaneous,dirt,tsan,,,Tommy McGinty and Johnson Edwards (Selkirk Indian Language Noun Dictionary 1977),,,tthʼan kʼyáʼ,1450,104,CR252,,,Tommy McGinty,Johnson Edwards
miscellaneous,garbage,tsan tʼetsʼetlʼáyʼ,,,Tommy McGinty and Johnson Edwards (Selkirk Indian Language Noun Dictionary 1977),,,uzhí húnden,1451,104,CR252,,,Tommy McGinty,Johnson Edwards
miscellaneous,God,utʼóhodintʼi,,,Tommy McGinty and Johnson Edwards (Selkirk Indian Language Noun Dictionary 1977),,,edhóʼ yetsʼechúʼ,1452,104,,,,Tommy McGinty,Johnson Edwards
miscellaneous,good luck,ukeʼin,,,Tommy McGinty and Johnson Edwards (Selkirk Indian Language Noun Dictionary 1977),,,etthán srúʼ,1453,104,,,,Tommy McGinty,Johnson Edwards
miscellaneous,grave,tthʼan kʼyáát,,,Tommy McGinty and Johnson Edwards (Selkirk Indian Language Noun Dictionary 1977),,,elró sháwʼ,1454,104,CR253,,,Tommy McGinty,Johnson Edwards
miscellaneous,grave,tthʼan kʼyáʼ,,,Tommy McGinty and Johnson Edwards (Selkirk Indian Language Noun Dictionary 1977),,,embát drúnʼ,1455,104,CR253,,,Tommy McGinty,Johnson Edwards
miscellaneous,hole,uzhí húnden,,,Tommy McGinty and Johnson Edwards (Selkirk Indian Language Noun Dictionary 1977),,,tsʼúndíʼ zhí sagaw,1456,104,,,,Tommy McGinty,Johnson Edwards
miscellaneous,jump game,edhóʼ yetsʼechúʼ,,,Tommy McGinty and Johnson Edwards (Selkirk Indian Language Noun Dictionary 1977),,,khya,1457,104,,,,Tommy McGinty,Johnson Edwards
miscellaneous,meat rack,etthán srúʼ,,,Tommy McGinty and Johnson Edwards (Selkirk Indian Language Noun Dictionary 1977),,,khya tlʼyáwʼ,1458,104,,,,Tommy McGinty,Johnson Edwards
miscellaneous,moose bladder used for storing tallow,elró sháwʼ,,,Tommy McGinty and Johnson Edwards (Selkirk Indian Language Noun Dictionary 1977),,,dakáʼ,1459,105,,see30,,Tommy McGinty,Johnson Edwards
miscellaneous,moose stomach used for storing tallow,embát drúnʼ,,,Tommy McGinty and Johnson Edwards (Selkirk Indian Language Noun Dictionary 1977),,,srúʼ,1460,105,,see30,,Tommy McGinty,Johnson Edwards
miscellaneous,needle (doctorʼs),tsʼúndíʼ zhí sagaw,,,Tommy McGinty and Johnson Edwards (Selkirk Indian Language Noun Dictionary 1977),,,tlʼádhát,1461,105,,,,Tommy McGinty,Johnson Edwards
miscellaneous,pack (sack),khya,,,Tommy McGinty and Johnson Edwards (Selkirk Indian Language Noun Dictionary 1977),,,nohoʼéʼ,1462,105,,,,Tommy McGinty,Johnson Edwards
miscellaneous,tumpline,khya tlʼyáwʼ,,,Tommy McGinty and Johnson Edwards (Selkirk Indian Language Noun Dictionary 1977),what is this?,,edhóʼ tʼedamáʼ,1463,105,,,,Tommy McGinty,Johnson Edwards
miscellaneous,pole for drying meat or fish,dakáʼ,,,Tommy McGinty and Johnson Edwards (Selkirk Indian Language Noun Dictionary 1977),,,ejan,1464,105,CR254,,,Tommy McGinty,Johnson Edwards
miscellaneous,pole for drying meat or fish,srúʼ,,,Tommy McGinty and Johnson Edwards (Selkirk Indian Language Noun Dictionary 1977),,,etsʼedegélʼ,1465,105,CR254,,,Tommy McGinty,Johnson Edwards
miscellaneous,pole on which skins are scraped,tlʼádhát,,,Tommy McGinty and Johnson Edwards (Selkirk Indian Language Noun Dictionary 1977),,tanning,tthekra,1466,105,,,,Tommy McGinty,Johnson Edwards
miscellaneous,potlatch,nohoʼéʼ,,,Tommy McGinty and Johnson Edwards (Selkirk Indian Language Noun Dictionary 1977),,,gámbo,1467,105,,,,Tommy McGinty,Johnson Edwards
miscellaneous,skin fringe left over after cutting out tanned skin,edhóʼ tʼedamáʼ,,,Tommy McGinty and Johnson Edwards (Selkirk Indian Language Noun Dictionary 1977),,tanning,hunday,1468,105,,,,Tommy McGinty,Johnson Edwards
miscellaneous,song,ejan,,,Tommy McGinty and Johnson Edwards (Selkirk Indian Language Noun Dictionary 1977),,,hudénʼ hundayʼ,1469,105,,,,Tommy McGinty,Johnson Edwards
miscellaneous,spear game,etsʼedegélʼ,,,Tommy McGinty and Johnson Edwards (Selkirk Indian Language Noun Dictionary 1977),,,uzhí hutsʼedzíʼ,1470,105,,,,Tommy McGinty,Johnson Edwards
miscellaneous,steam bath,tthekra,,,Tommy McGinty and Johnson Edwards (Selkirk Indian Language Noun Dictionary 1977),,,uzhí hutsʼedzíʼ,1471,105,,,,Tommy McGinty,Johnson Edwards
miscellaneous,stick game,gámbo,,,Tommy McGinty and Johnson Edwards (Selkirk Indian Language Noun Dictionary 1977),,,letthʼóʼéʼ,1472,105,,,,Tommy McGinty,Johnson Edwards
miscellaneous,story,hunday,,,Tommy McGinty and Johnson Edwards (Selkirk Indian Language Noun Dictionary 1977),,,detthʼóʼéʼ,1473,105,,see31,,Tommy McGinty,Johnson Edwards
miscellaneous,old-time story,hudénʼ hundayʼ,,,Tommy McGinty and Johnson Edwards (Selkirk Indian Language Noun Dictionary 1977),,,mbéʼ,1474,105,,see31,,Tommy McGinty,Johnson Edwards
miscellaneous,tar,uzhí hutsʼedzíʼ,,,Tommy McGinty and Johnson Edwards (Selkirk Indian Language Noun Dictionary 1977),,inaliable ,khaw dámáʼ,1475,105,CR255,,,Tommy McGinty,Johnson Edwards
miscellaneous,pitch,uzhí hutsʼedzíʼ,,,Tommy McGinty and Johnson Edwards (Selkirk Indian Language Noun Dictionary 1977),,inaliable ,hundi,1476,105,CR255,,,Tommy McGinty,Johnson Edwards
miscellaneous,thimble,letthʼóʼéʼ,,,Tommy McGinty and Johnson Edwards (Selkirk Indian Language Noun Dictionary 1977),,,dekʼi,1477,105,CR256,,,Tommy McGinty,Johnson Edwards
miscellaneous,thimble,detthʼóʼéʼ,,,Tommy McGinty and Johnson Edwards (Selkirk Indian Language Noun Dictionary 1977),,,Denéde Dháwʼ,1478,105,CR256,,,Tommy McGinty,Johnson Edwards
miscellaneous,war,mbéʼ,,,Tommy McGinty and Johnson Edwards (Selkirk Indian Language Noun Dictionary 1977),,,Tu Nátsat Tagéʼ,1479,105,,,,Tommy McGinty,Johnson Edwards
miscellaneous,"wheels (truck, car)",khaw dámáʼ,,,Tommy McGinty and Johnson Edwards (Selkirk Indian Language Noun Dictionary 1977),,,Tíʼihchʼen Tagéʼ,1480,106,,,,Tommy McGinty,Johnson Edwards
miscellaneous,word,hundi,,,Tommy McGinty and Johnson Edwards (Selkirk Indian Language Noun Dictionary 1977),,,Mbak Kegro Tagéʼ,1481,106,,see32,,Tommy McGinty,Johnson Edwards
miscellaneous,old word,dekʼi,,,Tommy McGinty and Johnson Edwards (Selkirk Indian Language Noun Dictionary 1977),,,Ddhaw Intlʼro Tagéʼ,1482,106,,see32,,Tommy McGinty,Johnson Edwards
place names,Armstrong Mountain,Denéde Dháwʼ,,,Tommy McGinty and Johnson Edwards (Selkirk Indian Language Noun Dictionary 1977),,,Tthʼun Tagéʼ,1483,113,,,,Tommy McGinty,Johnson Edwards
place names,Big Creek,Tu Nátsat Tagéʼ,,,Tommy McGinty and Johnson Edwards (Selkirk Indian Language Noun Dictionary 1977),,,Etsʼáwʼ Ddháwʼ,1484,113,,,Strong Water Creek,Tommy McGinty,Johnson Edwards
place names,Big Kalzas Creek,Tíʼihchʼen Tagéʼ,,,Tommy McGinty and Johnson Edwards (Selkirk Indian Language Noun Dictionary 1977),,,Tsʼi Deten Túʼ,1485,113,,,,Tommy McGinty,Johnson Edwards
place names,Big Kalzas Lake,Mbak Kegro Tagéʼ,,,Tommy McGinty and Johnson Edwards (Selkirk Indian Language Noun Dictionary 1977),,,Elróʼ Tagéʼ,1486,113,,,,Tommy McGinty,Johnson Edwards
place names,Caribou Creek,Ddhaw Intlʼro Tagéʼ,,,Tommy McGinty and Johnson Edwards (Selkirk Indian Language Noun Dictionary 1977),,,Tthedhyáʼ Tagéʼ,1487,113,,,,Tommy McGinty,Johnson Edwards
place names,Clarke Creek,Tthʼun Tagéʼ,,,Tommy McGinty and Johnson Edwards (Selkirk Indian Language Noun Dictionary 1977),,,Tatsénʼ Tʼoa Tagéʼ,1488,114,,,,Tommy McGinty,Johnson Edwards
place names,Clarke Hills,Etsʼáwʼ Ddháwʼ,,,Tommy McGinty and Johnson Edwards (Selkirk Indian Language Noun Dictionary 1977),,,Khay Túʼ,1489,114,,,,Tommy McGinty,Johnson Edwards
place names,Coffee Creek,Tsʼi Deten Túʼ,,,Tommy McGinty and Johnson Edwards (Selkirk Indian Language Noun Dictionary 1977),,,Di Cho Mánʼ,1490,114,,,,Tommy McGinty,Johnson Edwards
place names,Coldspring Creek,Elróʼ Tagéʼ,,,Tommy McGinty and Johnson Edwards (Selkirk Indian Language Noun Dictionary 1977),,,Man Ndo,1491,114,,,,Tommy McGinty,Johnson Edwards
place names,Cripple Creek,Tthedhyáʼ Tagéʼ,,,Tommy McGinty and Johnson Edwards (Selkirk Indian Language Noun Dictionary 1977),,,Sra Chenjúʼ Ddháwʼ,1492,114,,,,Tommy McGinty,Johnson Edwards
place names,Crosby Creek,Tatsénʼ Tʼoa Tagéʼ,,,Tommy McGinty and Johnson Edwards (Selkirk Indian Language Noun Dictionary 1977),,,Man Ttho,1493,114,,,,Tommy McGinty,Johnson Edwards
place names,Deep Creek,Khay Túʼ,,,Tommy McGinty and Johnson Edwards (Selkirk Indian Language Noun Dictionary 1977),,,Tétsaw Deheten Mánʼ,1494,114,,,,Tommy McGinty,Johnson Edwards
place names,Detour Lakes,Di Cho Mánʼ,,,Tommy McGinty and Johnson Edwards (Selkirk Indian Language Noun Dictionary 1977),,,Tétsaw Deheten Tagéʼ,1495,114,,,,Tommy McGinty,Johnson Edwards
place names,Diamain Lake,Man Ndo,,,Tommy McGinty and Johnson Edwards (Selkirk Indian Language Noun Dictionary 1977),,,Tadru Mánʼ,1496,114,,,,Tommy McGinty,Johnson Edwards
place names,Dromedary Mountain,Sra Chenjúʼ Ddháwʼ,,,Tommy McGinty and Johnson Edwards (Selkirk Indian Language Noun Dictionary 1977),,,Tthi Cho Nédézhe,1497,114,,,,Tommy McGinty,Johnson Edwards
place names,Drury Lake,Man Ttho,,,Tommy McGinty and Johnson Edwards (Selkirk Indian Language Noun Dictionary 1977),,,Łútthʼi Mánʼ,1498,114,,,,Tommy McGinty,Johnson Edwards
place names,Earn Lake,Tétsaw Deheten Mánʼ,,,Tommy McGinty and Johnson Edwards (Selkirk Indian Language Noun Dictionary 1977),,,Tagéʼ Etsyawa,1499,114,,,,Tommy McGinty,Johnson Edwards
place names,Earn River,Tétsaw Deheten Tagéʼ,,,Tommy McGinty and Johnson Edwards (Selkirk Indian Language Noun Dictionary 1977),,,The Ezhúʼ Ddháwʼ,1500,114,,,,Tommy McGinty,Johnson Edwards
place names,Ess Lake,Tadru Mánʼ,,,Tommy McGinty and Johnson Edwards (Selkirk Indian Language Noun Dictionary 1977),,,Tthi Zhát Yeninlin,1501,114,,,,Tommy McGinty,Johnson Edwards
place names,Five-Finger Rapids,Tthi Cho Nédézhe,,,Tommy McGinty and Johnson Edwards (Selkirk Indian Language Noun Dictionary 1977),,,Kʼambea Ddháwʼ,1502,114,,,,Tommy McGinty,Johnson Edwards
place names,Frenchman Lake,Łútthʼi Mánʼ,,,Tommy McGinty and Johnson Edwards (Selkirk Indian Language Noun Dictionary 1977),,,Tʼa Man Tagea,1503,114,,,Grey Clay Lake,Tommy McGinty,Johnson Edwards
place names,Glacier Creek,Tagéʼ Etsyawa,,,Tommy McGinty and Johnson Edwards (Selkirk Indian Language Noun Dictionary 1977),,,Tlʼya Netúʼ,1504,114,,,,Tommy McGinty,Johnson Edwards
place names,Glenlyon Range,The Ezhúʼ Ddháwʼ,,,Tommy McGinty and Johnson Edwards (Selkirk Indian Language Noun Dictionary 1977),,,Mbak Tagéʼ,1505,114,,,,Tommy McGinty,Johnson Edwards
place names,Granite Canyon,Tthi Zhát Yeninlin,,,Tommy McGinty and Johnson Edwards (Selkirk Indian Language Noun Dictionary 1977),,,Tu Denétʼro Tagéʼ,1506,114,,,,Tommy McGinty,Johnson Edwards
place names,Granite Mountain,Kʼambea Ddháwʼ,,,Tommy McGinty and Johnson Edwards (Selkirk Indian Language Noun Dictionary 1977),,,Duchʼe Thhi Heʼen,1507,114,,,Ptarmigan Mountain,Tommy McGinty,Johnson Edwards
place names,Grayling Creek,Tʼa Man Tagea,,,Tommy McGinty and Johnson Edwards (Selkirk Indian Language Noun Dictionary 1977),,,Ndu Heʼen,1508,114,,,,Tommy McGinty,Johnson Edwards
place names,Grey Hunter Creek,Tlʼya Netúʼ,,,Tommy McGinty and Johnson Edwards (Selkirk Indian Language Noun Dictionary 1977),,,Déddho Ddháwʼ,1509,114,,,,Tommy McGinty,Johnson Edwards
place names,Harvey Creek,Mbak Tagéʼ,,,Tommy McGinty and Johnson Edwards (Selkirk Indian Language Noun Dictionary 1977),,,Nuntthi Kina,1510,114,,,,Tommy McGinty,Johnson Edwards
place names,Hobo Creek,Tu Denétʼro Tagéʼ,,,Tommy McGinty and Johnson Edwards (Selkirk Indian Language Noun Dictionary 1977),,,Tlʼo Tsanʼ Tagéʼ,1511,115,,,,Tommy McGinty,Johnson Edwards
place names,Hoochekoo Bluff,Duchʼe Thhi Heʼen,,,Tommy McGinty and Johnson Edwards (Selkirk Indian Language Noun Dictionary 1977),,,Legha Mánʼ,1512,115,,,,Tommy McGinty,Johnson Edwards
place names,Ingersoll Islands,Ndu Heʼen,,,Tommy McGinty and Johnson Edwards (Selkirk Indian Language Noun Dictionary 1977),,,Teníʼihten Mánʼ,1513,115,,,,Tommy McGinty,Johnson Edwards
place names,Kalzas Range,Déddho Ddháwʼ,,,Tommy McGinty and Johnson Edwards (Selkirk Indian Language Noun Dictionary 1977),,,Techo Tagéʼ,1514,115,,,Rock Scraper Mountain,Tommy McGinty,Johnson Edwards
place names,Klaza Mountain,Nuntthi Kina,,,Tommy McGinty and Johnson Edwards (Selkirk Indian Language Noun Dictionary 1977),,,Mbak Enaan Tagéʼ,1515,115,,,,Tommy McGinty,Johnson Edwards
place names,Klotassin River,Tlʼo Tsanʼ Tagéʼ,,,Tommy McGinty and Johnson Edwards (Selkirk Indian Language Noun Dictionary 1977),,,Nembia Cho Ddháwʼ,1516,115,,,,Tommy McGinty,Johnson Edwards
place names,Legar Lake,Legha Mánʼ,,,Tommy McGinty and Johnson Edwards (Selkirk Indian Language Noun Dictionary 1977),,,Khro Túʼ,1517,115,,,,Tommy McGinty,Johnson Edwards
place names,Little Kalzas Lake,Teníʼihten Mánʼ,,,Tommy McGinty and Johnson Edwards (Selkirk Indian Language Noun Dictionary 1977),,,Sedzuan Me Ddháwʼ,1518,115,,,,Tommy McGinty,Johnson Edwards
place names,Little Salmon Creek,Techo Tagéʼ,,,Tommy McGinty and Johnson Edwards (Selkirk Indian Language Noun Dictionary 1977),,,Ddhaw Ghóʼ,1519,115,,,,Tommy McGinty,Johnson Edwards
place names,Little Sheep Creek,Mbak Enaan Tagéʼ,,,Tommy McGinty and Johnson Edwards (Selkirk Indian Language Noun Dictionary 1977),,,Dantʼróʼ Túʼ,1520,115,,,,Tommy McGinty,Johnson Edwards
place names,Lone Mountain,Nembia Cho Ddháwʼ,,,Tommy McGinty and Johnson Edwards (Selkirk Indian Language Noun Dictionary 1977),,,Dantʼróʼ Shúʼ Túʼ,1521,115,,,Giant Weasel Mountain,Tommy McGinty,Johnson Edwards
place names,Macmillan River,Khro Túʼ,,,Tommy McGinty and Johnson Edwards (Selkirk Indian Language Noun Dictionary 1977),,,Tthʼan Túa,1522,115,,,Thornbush Water,Tommy McGinty,Johnson Edwards
place names,McArthur Group,Sedzuan Me Ddháwʼ,,,Tommy McGinty and Johnson Edwards (Selkirk Indian Language Noun Dictionary 1977),,,Hédhe Netúʼ,1523,115,CR257,,Sedzuanʼs Motherʼs Mountain,Tommy McGinty,Johnson Edwards
place names,McArthur Group,Ddhaw Ghóʼ,,,Tommy McGinty and Johnson Edwards (Selkirk Indian Language Noun Dictionary 1977),,,Taghwát Tagéʼ,1524,115,CR257,,,Tommy McGinty,Johnson Edwards
place names,McCabe Creek,Dantʼróʼ Túʼ,,,Tommy McGinty and Johnson Edwards (Selkirk Indian Language Noun Dictionary 1977),,,Tsʼi Mánʼ,1525,115,,,,Tommy McGinty,Johnson Edwards
place names,McGregor Creek,Dantʼróʼ Shúʼ Túʼ,,,Tommy McGinty and Johnson Edwards (Selkirk Indian Language Noun Dictionary 1977),,,Teki Udézíʼ Mánʼ,1526,115,,,,Tommy McGinty,Johnson Edwards
place names,Menzie Creek,Tthʼan Túa,,,Tommy McGinty and Johnson Edwards (Selkirk Indian Language Noun Dictionary 1977),,,Ddhaw Tsawa,1527,115,,,,Tommy McGinty,Johnson Edwards
place names,Merrice Creek,Hédhe Netúʼ,,,Tommy McGinty and Johnson Edwards (Selkirk Indian Language Noun Dictionary 1977),,,Tthi Nádhat,1528,115,,,Cave-in Creek,Tommy McGinty,Johnson Edwards
place names,Mica Creek,Taghwát Tagéʼ,,,Tommy McGinty and Johnson Edwards (Selkirk Indian Language Noun Dictionary 1977),,,Tthi Zhát Yeninlin Tagéʼ,1529,115,,,,Tommy McGinty,Johnson Edwards
place names,Mist Lake,Tsʼi Mánʼ,,,Tommy McGinty and Johnson Edwards (Selkirk Indian Language Noun Dictionary 1977),,,Tsʼékíʼ Netúʼ,1530,115,,,,Tommy McGinty,Johnson Edwards
place names,Moose Lake,Teki Udézíʼ Mánʼ,,,Tommy McGinty and Johnson Edwards (Selkirk Indian Language Noun Dictionary 1977),,,To Deten Ddháwʼ,1531,115,,,,Tommy McGinty,Johnson Edwards
place names,Mt. Pitts,Ddhaw Tsawa,,,Tommy McGinty and Johnson Edwards (Selkirk Indian Language Noun Dictionary 1977),,,Intthʼo,1532,115,,,,Tommy McGinty,Johnson Edwards
place names,Needlerock,Tthi Nádhat,,,Tommy McGinty and Johnson Edwards (Selkirk Indian Language Noun Dictionary 1977),,,Tezráʼ Ddháwʼ,1533,116,,,,Tommy McGinty,Johnson Edwards
place names,Needlerock Creek,Tthi Zhát Yeninlin Tagéʼ,,,Tommy McGinty and Johnson Edwards (Selkirk Indian Language Noun Dictionary 1977),,,Ndu Etlen Mánʼ,1534,116,,,,Tommy McGinty,Johnson Edwards
place names,Pelly River,Tsʼékíʼ Netúʼ,,,Tommy McGinty and Johnson Edwards (Selkirk Indian Language Noun Dictionary 1977),,,Tthi Cho Teninlin,1535,116,,,,Tommy McGinty,Johnson Edwards
place names,Plateau Mountain,To Deten Ddháwʼ,,,Tommy McGinty and Johnson Edwards (Selkirk Indian Language Noun Dictionary 1977),,,Intthʼo Tagéʼ,1536,116,,,,Tommy McGinty,Johnson Edwards
place names,Prospector Mountain,Intthʼo,,,Tommy McGinty and Johnson Edwards (Selkirk Indian Language Noun Dictionary 1977),,,Łédlin Túʼ,1537,116,,,,Tommy McGinty,Johnson Edwards
place names,Ptarmigan Mountain,Tezráʼ Ddháwʼ,,,Tommy McGinty and Johnson Edwards (Selkirk Indian Language Noun Dictionary 1977),,,Tagéʼ Daghwát,1538,116,,,Small Whitefish Mountain,Tommy McGinty,Johnson Edwards
place names,Ragged Lake,Ndu Etlen Mánʼ,,,Tommy McGinty and Johnson Edwards (Selkirk Indian Language Noun Dictionary 1977),,,Necho Netúʼ,1539,116,,,,Tommy McGinty,Johnson Edwards
place names,Rink Rapids,Tthi Cho Teninlin,,,Tommy McGinty and Johnson Edwards (Selkirk Indian Language Noun Dictionary 1977),,,Néʼe Túʼ,1540,116,,,,Tommy McGinty,Johnson Edwards
place names,Selwyn River,Intthʼo Tagéʼ,,,Tommy McGinty and Johnson Edwards (Selkirk Indian Language Noun Dictionary 1977),,,Sedzuan Mánʼ,1541,116,,,,Tommy McGinty,Johnson Edwards
place names,Seymour Creek,Łédlin Túʼ,,,Tommy McGinty and Johnson Edwards (Selkirk Indian Language Noun Dictionary 1977),,,Teten Mánʼ,1542,116,,,,Tommy McGinty,Johnson Edwards
place names,Snag River,Tagéʼ Daghwát,,,Tommy McGinty and Johnson Edwards (Selkirk Indian Language Noun Dictionary 1977),,,Téchánʼ Tagéʼ,1543,116,,,,Tommy McGinty,Johnson Edwards
place names,Stewart River,Necho Netúʼ,,,Tommy McGinty and Johnson Edwards (Selkirk Indian Language Noun Dictionary 1977),,,Téchánʼ Mánʼ,1544,116,,,,Tommy McGinty,Johnson Edwards
place names,Stoddart Creek,Néʼe Túʼ,,,Tommy McGinty and Johnson Edwards (Selkirk Indian Language Noun Dictionary 1977),,,Tatlʼámánʼ,1545,116,,,,Tommy McGinty,Johnson Edwards
place names,Summit Lake,Sedzuan Mánʼ,,,Tommy McGinty and Johnson Edwards (Selkirk Indian Language Noun Dictionary 1977),,,Tlʼya Netúʼ,1546,116,,,Sedzuanʼs Lake,Tommy McGinty,Johnson Edwards
place names,Tadru Lake,Teten Mánʼ,,,Tommy McGinty and Johnson Edwards (Selkirk Indian Language Noun Dictionary 1977),,,Taghwát Mánʼ,1547,116,,,,Tommy McGinty,Johnson Edwards
place names,Tatchun Creek,Téchánʼ Tagéʼ,,,Tommy McGinty and Johnson Edwards (Selkirk Indian Language Noun Dictionary 1977),,,Tsʼekʼoa Tagéʼ,1548,116,,,,Tommy McGinty,Johnson Edwards
place names,Tatchun Lake,Téchánʼ Mánʼ,,,Tommy McGinty and Johnson Edwards (Selkirk Indian Language Noun Dictionary 1977),,,Tthi Tsʼetʼyan,1549,116,,,,Tommy McGinty,Johnson Edwards
place names,Tatlmain Lake,Tatlʼámánʼ,,,Tommy McGinty and Johnson Edwards (Selkirk Indian Language Noun Dictionary 1977),,,Nelruna,1550,116,,,,Tommy McGinty,Johnson Edwards
place names,Tay River,Tlʼya Netúʼ,,,Tommy McGinty and Johnson Edwards (Selkirk Indian Language Noun Dictionary 1977),,,Łutsaw Túʼ,1551,116,,,Flint River,Tommy McGinty,Johnson Edwards
place names,Towhat Lake,Taghwát Mánʼ,,,Tommy McGinty and Johnson Edwards (Selkirk Indian Language Noun Dictionary 1977),,,Tthe Ndu Mánʼ,1552,116,,,,Tommy McGinty,Johnson Edwards
place names,Tummel River,Tsʼekʼoa Tagéʼ,,,Tommy McGinty and Johnson Edwards (Selkirk Indian Language Noun Dictionary 1977),,,Kátʼaak Mánʼ,1553,116,,,,Tommy McGinty,Johnson Edwards
place names,Victoria Rock,Tthi Tsʼetʼyan,,,Tommy McGinty and Johnson Edwards (Selkirk Indian Language Noun Dictionary 1977),,,Elróʼ,1554,116,,,,Tommy McGinty,Johnson Edwards
place names,Volcano Mountain,Nelruna,,,Tommy McGinty and Johnson Edwards (Selkirk Indian Language Noun Dictionary 1977),,,Natʼazha Túʼ,1555,116,,,,Tommy McGinty,Johnson Edwards
place names,Von Wilczek Creek,Łutsaw Túʼ,,,Tommy McGinty and Johnson Edwards (Selkirk Indian Language Noun Dictionary 1977),,,Ddhaw Tsawa Tagéʼ,1556,117,,,,Tommy McGinty,Johnson Edwards
place names,Von Wilczek Lake,Tthe Ndu Mánʼ,,,Tommy McGinty and Johnson Edwards (Selkirk Indian Language Noun Dictionary 1977),,,Tagéʼ Cho,1557,117,,,,Tommy McGinty,Johnson Edwards
place names,Wellesley Lake,Kátʼaak Mánʼ,,,Tommy McGinty and Johnson Edwards (Selkirk Indian Language Noun Dictionary 1977),,,Hodyáʼ Ndúʼ,1558,117,,,,Tommy McGinty,Johnson Edwards
place names,White Mountain,Elróʼ,,,Tommy McGinty and Johnson Edwards (Selkirk Indian Language Noun Dictionary 1977),,,Ddhaw Daana Tthíʼ,1559,117,,,,Tommy McGinty,Johnson Edwards
place names,White River,Natʼazha Túʼ,,,Tommy McGinty and Johnson Edwards (Selkirk Indian Language Noun Dictionary 1977),,,,1560,117,,,,Tommy McGinty,Johnson Edwards
place names,Wolverine Creek,Ddhaw Tsawa Tagéʼ,,,Tommy McGinty and Johnson Edwards (Selkirk Indian Language Noun Dictionary 1977),,,,1561,117,,,,Tommy McGinty,Johnson Edwards
place names,Yukon River,Tagéʼ Cho,,,Tommy McGinty and Johnson Edwards (Selkirk Indian Language Noun Dictionary 1977),,,,1562,117,,,,Tommy McGinty,Johnson Edwards
place names,Hodyáʼ Ndúʼ,Hodyáʼ Ndúʼ,,,Tommy McGinty and Johnson Edwards (Selkirk Indian Language Noun Dictionary 1977),no English name recorded,,,1563,112,,,Man Eater Island,Tommy McGinty,Johnson Edwards
place names,Ddhaw Daana Tthíʼ,Ddhaw Daana Tthíʼ,,,Tommy McGinty and Johnson Edwards (Selkirk Indian Language Noun Dictionary 1977),no English name recorded - should we change the lit.translation to make it more appropriate?,,,1564,112,,,Midget People Rock,Tommy McGinty,Johnson Edwards
